mmwr_year,mmwr_week,mmwr_day,week_end,state,pred,lpi,upi,obs,unexplained.cases,denom,type
2020,10,1,2020-03-01,IL,484,412,559,521,37,1.5,diseases_of_heart_i00_i09
2020,10,1,2020-03-01,MA,244,205,288.025,218,-26,1.5,diseases_of_heart_i00_i09
2020,10,1,2020-03-01,MI,482,420.975,550,493,11,1.5,diseases_of_heart_i00_i09
2020,10,1,2020-03-01,NJ,377,321,437.025,371,-6,1.5,diseases_of_heart_i00_i09
2020,10,1,2020-03-01,NY,502,427.975,582.025,502,0,1.5,diseases_of_heart_i00_i09
2020,10,1,2020-03-01,NYC,337,282,398.025,348,11,1.5,diseases_of_heart_i00_i09
2020,11,1,2020-03-08,IL,481,409.97499999999997,562,530,49,1.5,diseases_of_heart_i00_i09
2020,11,1,2020-03-08,MA,242,203.975,288,252,10,1.5,diseases_of_heart_i00_i09
2020,11,1,2020-03-08,MI,482,414.97499999999997,547.025,501,19,1.5,diseases_of_heart_i00_i09
2020,11,1,2020-03-08,NJ,376,323,436.025,384,8,1.5,diseases_of_heart_i00_i09
2020,11,1,2020-03-08,NY,499,426,578,462,-37,1.5,diseases_of_heart_i00_i09
2020,11,1,2020-03-08,NYC,335,278.97499999999997,399.025,375,40,1.5,diseases_of_heart_i00_i09
2020,12,1,2020-03-15,IL,478,406,550.05,505,27,1.5,diseases_of_heart_i00_i09
2020,12,1,2020-03-15,MA,242.5,203,286.025,234,-8.5,1.5,diseases_of_heart_i00_i09
2020,12,1,2020-03-15,MI,480,418,545,529,49,1.5,diseases_of_heart_i00_i09
2020,12,1,2020-03-15,NJ,375,321,435,377,2,1.5,diseases_of_heart_i00_i09
2020,12,1,2020-03-15,NY,493,424.975,570.025,466,-27,1.5,diseases_of_heart_i00_i09
2020,12,1,2020-03-15,NYC,331,275.97499999999997,398,414,83,1.5,diseases_of_heart_i00_i09
2020,13,1,2020-03-22,IL,475,399.975,555,483,8,1.5,diseases_of_heart_i00_i09
2020,13,1,2020-03-22,MA,242,203,282,246,4,1.5,diseases_of_heart_i00_i09
2020,13,1,2020-03-22,MI,474.5,414.97499999999997,540,576,101.5,1.5,diseases_of_heart_i00_i09
2020,13,1,2020-03-22,NJ,374,322.975,429,464,90,1.5,diseases_of_heart_i00_i09
2020,13,1,2020-03-22,NY,497,426,577.025,547,50,1.5,diseases_of_heart_i00_i09
2020,13,1,2020-03-22,NYC,331,276.975,395,737,406,1.5,diseases_of_heart_i00_i09
2020,14,1,2020-03-29,IL,470,401.97499999999997,544,541,71,1.5,diseases_of_heart_i00_i09
2020,14,1,2020-03-29,MA,238,199.975,280,242,4,1.5,diseases_of_heart_i00_i09
2020,14,1,2020-03-29,MI,471,407.975,534.025,656,185,1.5,diseases_of_heart_i00_i09
2020,14,1,2020-03-29,NJ,368,313.97499999999997,426.025,549,181,1.5,diseases_of_heart_i00_i09
2020,14,1,2020-03-29,NY,491,412.975,567.025,750,259,1.5,diseases_of_heart_i00_i09
2020,14,1,2020-03-29,NYC,326,271,384.025,1476,1150,1.5,diseases_of_heart_i00_i09
2020,15,1,2020-04-05,IL,462,394,537.025,596,134,1.5,diseases_of_heart_i00_i09
2020,15,1,2020-04-05,MA,236,201,278,289,53,1.5,diseases_of_heart_i00_i09
2020,15,1,2020-04-05,MI,464,406,525.025,663,199,1.5,diseases_of_heart_i00_i09
2020,15,1,2020-04-05,NJ,365,312.95000000000005,423.04999999999995,624,259,1.5,diseases_of_heart_i00_i09
2020,15,1,2020-04-05,NY,485,412.95,568.025,886,401,1.5,diseases_of_heart_i00_i09
2020,15,1,2020-04-05,NYC,321,268.975,385,1713,1392,1.5,diseases_of_heart_i00_i09
2020,16,1,2020-04-12,IL,456,386,537,533,77,1.5,diseases_of_heart_i00_i09
2020,16,1,2020-04-12,MA,230,191,273.025,263,33,1.5,diseases_of_heart_i00_i09
2020,16,1,2020-04-12,MI,456,397,521.025,603,147,1.5,diseases_of_heart_i00_i09
2020,16,1,2020-04-12,NJ,356,307.97499999999997,407,580,224,1.5,diseases_of_heart_i00_i09
2020,16,1,2020-04-12,NY,482,411.975,559,786,304,1.5,diseases_of_heart_i00_i09
2020,16,1,2020-04-12,NYC,317,262,374,1149,832,1.5,diseases_of_heart_i00_i09
2020,17,1,2020-04-19,IL,451,386,526.025,557,106,1.5,diseases_of_heart_i00_i09
2020,17,1,2020-04-19,MA,224,187.975,266.025,236,12,1.5,diseases_of_heart_i00_i09
2020,17,1,2020-04-19,MI,451,387.95,514.025,522,71,1.5,diseases_of_heart_i00_i09
2020,17,1,2020-04-19,NJ,348,294,406.025,518,170,1.5,diseases_of_heart_i00_i09
2020,17,1,2020-04-19,NY,477,405,551.025,595,118,1.5,diseases_of_heart_i00_i09
2020,17,1,2020-04-19,NYC,309,255,364,699,390,1.5,diseases_of_heart_i00_i09
2020,18,1,2020-04-26,IL,443.5,380.975,520,523,79.5,1.5,diseases_of_heart_i00_i09
2020,18,1,2020-04-26,MA,220,185,260.025,221,1,1.5,diseases_of_heart_i00_i09
2020,18,1,2020-04-26,MI,446,384,509,520,74,1.5,diseases_of_heart_i00_i09
2020,18,1,2020-04-26,NJ,344,293,404,406,62,1.5,diseases_of_heart_i00_i09
2020,18,1,2020-04-26,NY,468,393.95,541.025,535,67,1.5,diseases_of_heart_i00_i09
2020,18,1,2020-04-26,NYC,301.5,249.975,365,499,197.5,1.5,diseases_of_heart_i00_i09
2020,19,1,2020-05-03,IL,441,377.97499999999997,509,504,63,1.5,diseases_of_heart_i00_i09
2020,19,1,2020-05-03,MA,215,179.975,254,201,-14,1.5,diseases_of_heart_i00_i09
2020,19,1,2020-05-03,MI,437,377,497,415,-22,1.5,diseases_of_heart_i00_i09
2020,19,1,2020-05-03,NJ,337,289,392.025,374,37,1.5,diseases_of_heart_i00_i09
2020,19,1,2020-05-03,NY,460,392.95000000000005,534,533,73,1.5,diseases_of_heart_i00_i09
2020,19,1,2020-05-03,NYC,300,249,359,395,95,1.5,diseases_of_heart_i00_i09
2020,20,1,2020-05-10,IL,438,369.97499999999997,502,463,25,1.5,diseases_of_heart_i00_i09
2020,20,1,2020-05-10,MA,214,177,250,184,-30,1.5,diseases_of_heart_i00_i09
2020,20,1,2020-05-10,MI,436,379.975,498,410,-26,1.5,diseases_of_heart_i00_i09
2020,20,1,2020-05-10,NJ,334,282,386.025,384,50,1.5,diseases_of_heart_i00_i09
2020,20,1,2020-05-10,NY,454.5,385.97499999999997,527.025,474,19.5,1.5,diseases_of_heart_i00_i09
2020,20,1,2020-05-10,NYC,297,244.975,350.025,376,79,1.5,diseases_of_heart_i00_i09
2020,21,1,2020-05-17,IL,432,365.975,502,468,36,1.5,diseases_of_heart_i00_i09
2020,21,1,2020-05-17,MA,211,178,251.02499999999998,193,-18,1.5,diseases_of_heart_i00_i09
2020,21,1,2020-05-17,MI,434,372,495.025,433,-1,1.5,diseases_of_heart_i00_i09
2020,21,1,2020-05-17,NJ,336,283,387.025,362,26,1.5,diseases_of_heart_i00_i09
2020,21,1,2020-05-17,NY,447,383.975,519,429,-18,1.5,diseases_of_heart_i00_i09
2020,21,1,2020-05-17,NYC,295.5,240,348,297,1.5,1.5,diseases_of_heart_i00_i09
2020,22,1,2020-05-24,IL,430,365,502,443,13,1.5,diseases_of_heart_i00_i09
2020,22,1,2020-05-24,MA,215,181,254,164,-51,1.5,diseases_of_heart_i00_i09
2020,22,1,2020-05-24,MI,429,370.975,489.025,439,10,1.5,diseases_of_heart_i00_i09
2020,22,1,2020-05-24,NJ,331,282.975,385,294,-37,1.5,diseases_of_heart_i00_i09
2020,22,1,2020-05-24,NY,441,378,510.025,449,8,1.5,diseases_of_heart_i00_i09
2020,22,1,2020-05-24,NYC,293,243.95,349,301,8,1.5,diseases_of_heart_i00_i09
2020,23,1,2020-05-31,IL,424.5,358,499,436,11.5,1.5,diseases_of_heart_i00_i09
2020,23,1,2020-05-31,MA,217,180,256.025,179,-38,1.5,diseases_of_heart_i00_i09
2020,23,1,2020-05-31,MI,424,362,483.025,433,9,1.5,diseases_of_heart_i00_i09
2020,23,1,2020-05-31,NJ,331,282.975,387,327,-4,1.5,diseases_of_heart_i00_i09
2020,23,1,2020-05-31,NY,431,369,506,386,-45,1.5,diseases_of_heart_i00_i09
2020,23,1,2020-05-31,NYC,291,237,347,309,18,1.5,diseases_of_heart_i00_i09
2020,10,1,2020-03-01,IL,78.5,58.975,105,73,-5.5,1.5,alzheimer_disease_g30
2020,10,1,2020-03-01,MA,31,19,45,37,6,1.5,alzheimer_disease_g30
2020,10,1,2020-03-01,MI,79,58,101.02499999999998,77,-2,1.5,alzheimer_disease_g30
2020,10,1,2020-03-01,NJ,45,30,64,40,-5,1.5,alzheimer_disease_g30
2020,10,1,2020-03-01,NY,59,42.975,81,58,-1,1.5,alzheimer_disease_g30
2020,10,1,2020-03-01,NYC,20,11,32,12,-8,1.5,alzheimer_disease_g30
2020,11,1,2020-03-08,IL,80,57,105,75,-5,1.5,alzheimer_disease_g30
2020,11,1,2020-03-08,MA,30,19,43,42,12,1.5,alzheimer_disease_g30
2020,11,1,2020-03-08,MI,79,58,104,81,2,1.5,alzheimer_disease_g30
2020,11,1,2020-03-08,NJ,45,30,63,45,0,1.5,alzheimer_disease_g30
2020,11,1,2020-03-08,NY,60,40,82,52,-8,1.5,alzheimer_disease_g30
2020,11,1,2020-03-08,NYC,20,11,32,22,2,1.5,alzheimer_disease_g30
2020,12,1,2020-03-15,IL,78,56.975,104,101,23,1.5,alzheimer_disease_g30
2020,12,1,2020-03-15,MA,30,19,43,36,6,1.5,alzheimer_disease_g30
2020,12,1,2020-03-15,MI,81,60,106,80,-1,1.5,alzheimer_disease_g30
2020,12,1,2020-03-15,NJ,45,29,62,48,3,1.5,alzheimer_disease_g30
2020,12,1,2020-03-15,NY,60,40,83,64,4,1.5,alzheimer_disease_g30
2020,12,1,2020-03-15,NYC,20,9,32,25,5,1.5,alzheimer_disease_g30
2020,13,1,2020-03-22,IL,77,55,103,111,34,1.5,alzheimer_disease_g30
2020,13,1,2020-03-22,MA,29,17,42.02499999999998,36,7,1.5,alzheimer_disease_g30
2020,13,1,2020-03-22,MI,81,61,105,98,17,1.5,alzheimer_disease_g30
2020,13,1,2020-03-22,NJ,45,30,62.02499999999998,67,22,1.5,alzheimer_disease_g30
2020,13,1,2020-03-22,NY,58,41,81,75,17,1.5,alzheimer_disease_g30
2020,13,1,2020-03-22,NYC,19,10,31,38,19,1.5,alzheimer_disease_g30
2020,14,1,2020-03-29,IL,75,55,98.02499999999998,103,28,1.5,alzheimer_disease_g30
2020,14,1,2020-03-29,MA,29,17.975,41,37,8,1.5,alzheimer_disease_g30
2020,14,1,2020-03-29,MI,82,60,106,127,45,1.5,alzheimer_disease_g30
2020,14,1,2020-03-29,NJ,45,30,62.02499999999998,100,55,1.5,alzheimer_disease_g30
2020,14,1,2020-03-29,NY,56,39,78,85,29,1.5,alzheimer_disease_g30
2020,14,1,2020-03-29,NYC,18,9,30,60,42,1.5,alzheimer_disease_g30
2020,15,1,2020-04-05,IL,73,53.975,97.02499999999998,96,23,1.5,alzheimer_disease_g30
2020,15,1,2020-04-05,MA,28,17,41,34,6,1.5,alzheimer_disease_g30
2020,15,1,2020-04-05,MI,82,61,108,142,60,1.5,alzheimer_disease_g30
2020,15,1,2020-04-05,NJ,43,30,60.02499999999998,124,81,1.5,alzheimer_disease_g30
2020,15,1,2020-04-05,NY,55,37,75,62,7,1.5,alzheimer_disease_g30
2020,15,1,2020-04-05,NYC,17,8,28,54,37,1.5,alzheimer_disease_g30
2020,16,1,2020-04-12,IL,71,51,93,103,32,1.5,alzheimer_disease_g30
2020,16,1,2020-04-12,MA,27,17,39.02499999999998,40,13,1.5,alzheimer_disease_g30
2020,16,1,2020-04-12,MI,81,60,105,118,37,1.5,alzheimer_disease_g30
2020,16,1,2020-04-12,NJ,42,28,60,128,86,1.5,alzheimer_disease_g30
2020,16,1,2020-04-12,NY,53,37,73,68,15,1.5,alzheimer_disease_g30
2020,16,1,2020-04-12,NYC,16,7,26,40,24,1.5,alzheimer_disease_g30
2020,17,1,2020-04-19,IL,68,50,90,97,29,1.5,alzheimer_disease_g30
2020,17,1,2020-04-19,MA,26,16,39,28,2,1.5,alzheimer_disease_g30
2020,17,1,2020-04-19,MI,79,57,104,101,22,1.5,alzheimer_disease_g30
2020,17,1,2020-04-19,NJ,41,26,56,102,61,1.5,alzheimer_disease_g30
2020,17,1,2020-04-19,NY,52,36,71.02499999999998,59,7,1.5,alzheimer_disease_g30
2020,17,1,2020-04-19,NYC,15,7,26,27,12,1.5,alzheimer_disease_g30
2020,18,1,2020-04-26,IL,67,48,89,107,40,1.5,alzheimer_disease_g30
2020,18,1,2020-04-26,MA,26,17,39.02499999999998,51,25,1.5,alzheimer_disease_g30
2020,18,1,2020-04-26,MI,77,56,99,131,54,1.5,alzheimer_disease_g30
2020,18,1,2020-04-26,NJ,39,24.975,56,81,42,1.5,alzheimer_disease_g30
2020,18,1,2020-04-26,NY,50,35,69,56,6,1.5,alzheimer_disease_g30
2020,18,1,2020-04-26,NYC,15,7,26,23,8,1.5,alzheimer_disease_g30
2020,19,1,2020-05-03,IL,65,47,89,86,21,1.5,alzheimer_disease_g30
2020,19,1,2020-05-03,MA,26,15,39,38,12,1.5,alzheimer_disease_g30
2020,19,1,2020-05-03,MI,76,56,99,82,6,1.5,alzheimer_disease_g30
2020,19,1,2020-05-03,NJ,36,23,51.02499999999998,67,31,1.5,alzheimer_disease_g30
2020,19,1,2020-05-03,NY,50,34,67.02499999999998,54,4,1.5,alzheimer_disease_g30
2020,19,1,2020-05-03,NYC,16,8,26,18,2,1.5,alzheimer_disease_g30
2020,20,1,2020-05-10,IL,65,46,89,82,17,1.5,alzheimer_disease_g30
2020,20,1,2020-05-10,MA,25,15,37.02499999999998,29,4,1.5,alzheimer_disease_g30
2020,20,1,2020-05-10,MI,72,52.975,95.02499999999998,89,17,1.5,alzheimer_disease_g30
2020,20,1,2020-05-10,NJ,35,21,50.02499999999998,61,26,1.5,alzheimer_disease_g30
2020,20,1,2020-05-10,NY,49,33,68,50,1,1.5,alzheimer_disease_g30
2020,20,1,2020-05-10,NYC,17,8.975000000000001,27,12,-5,1.5,alzheimer_disease_g30
2020,21,1,2020-05-17,IL,66,47,88,81,15,1.5,alzheimer_disease_g30
2020,21,1,2020-05-17,MA,25,15,36.02499999999998,36,11,1.5,alzheimer_disease_g30
2020,21,1,2020-05-17,MI,70,51,94,87,17,1.5,alzheimer_disease_g30
2020,21,1,2020-05-17,NJ,34,20,48,48,14,1.5,alzheimer_disease_g30
2020,21,1,2020-05-17,NY,49,34,68,42,-7,1.5,alzheimer_disease_g30
2020,21,1,2020-05-17,NYC,17,8.975000000000001,28,18,1,1.5,alzheimer_disease_g30
2020,22,1,2020-05-24,IL,67,49,89,80,13,1.5,alzheimer_disease_g30
2020,22,1,2020-05-24,MA,24,14,36,30,6,1.5,alzheimer_disease_g30
2020,22,1,2020-05-24,MI,69,50,91,71,2,1.5,alzheimer_disease_g30
2020,22,1,2020-05-24,NJ,34,22,48,47,13,1.5,alzheimer_disease_g30
2020,22,1,2020-05-24,NY,48,34,68,43,-5,1.5,alzheimer_disease_g30
2020,22,1,2020-05-24,NYC,17,8,28,10,-7,1.5,alzheimer_disease_g30
2020,23,1,2020-05-31,IL,67,48,89,75,8,1.5,alzheimer_disease_g30
2020,23,1,2020-05-31,MA,22,13,34.02499999999998,33,11,1.5,alzheimer_disease_g30
2020,23,1,2020-05-31,MI,66,47,88,73,7,1.5,alzheimer_disease_g30
2020,23,1,2020-05-31,NJ,38,24,53.02499999999998,47,9,1.5,alzheimer_disease_g30
2020,23,1,2020-05-31,NY,47,32,67,39,-8,1.5,alzheimer_disease_g30
2020,23,1,2020-05-31,NYC,15,7,25,18,3,1.5,alzheimer_disease_g30
2020,10,1,2020-03-01,IL,126,103,152,119,-7,1.5,cerebrovascular_diseases
2020,10,1,2020-03-01,MA,48,33,67,40,-8,1.5,cerebrovascular_diseases
2020,10,1,2020-03-01,MI,116,93,141.02499999999998,105,-11,1.5,cerebrovascular_diseases
2020,10,1,2020-03-01,NJ,73,55,92,72,-1,1.5,cerebrovascular_diseases
2020,10,1,2020-03-01,NY,86,65,109,91,5,1.5,cerebrovascular_diseases
2020,10,1,2020-03-01,NYC,37,25,51,39,2,1.5,cerebrovascular_diseases
2020,11,1,2020-03-08,IL,128,103,153,127,-1,1.5,cerebrovascular_diseases
2020,11,1,2020-03-08,MA,48,33,67,54,6,1.5,cerebrovascular_diseases
2020,11,1,2020-03-08,MI,117,93,146,98,-19,1.5,cerebrovascular_diseases
2020,11,1,2020-03-08,NJ,71,53,91.02499999999998,76,5,1.5,cerebrovascular_diseases
2020,11,1,2020-03-08,NY,86,65,111,77,-9,1.5,cerebrovascular_diseases
2020,11,1,2020-03-08,NYC,37,24,51,41,4,1.5,cerebrovascular_diseases
2020,12,1,2020-03-15,IL,129,105,154,118,-11,1.5,cerebrovascular_diseases
2020,12,1,2020-03-15,MA,49,33.975,67,37,-12,1.5,cerebrovascular_diseases
2020,12,1,2020-03-15,MI,119,94,144,112,-7,1.5,cerebrovascular_diseases
2020,12,1,2020-03-15,NJ,71,53,89,85,14,1.5,cerebrovascular_diseases
2020,12,1,2020-03-15,NY,86,66,111,89,3,1.5,cerebrovascular_diseases
2020,12,1,2020-03-15,NYC,37,25,51,51,14,1.5,cerebrovascular_diseases
2020,13,1,2020-03-22,IL,128,104,155,129,1,1.5,cerebrovascular_diseases
2020,13,1,2020-03-22,MA,49,34,67,50,1,1.5,cerebrovascular_diseases
2020,13,1,2020-03-22,MI,119,97.975,144.02499999999998,116,-3,1.5,cerebrovascular_diseases
2020,13,1,2020-03-22,NJ,70,52,88,67,-3,1.5,cerebrovascular_diseases
2020,13,1,2020-03-22,NY,85,63.975,108,76,-9,1.5,cerebrovascular_diseases
2020,13,1,2020-03-22,NYC,37,24,51,54,17,1.5,cerebrovascular_diseases
2020,14,1,2020-03-29,IL,126,102,151.02499999999998,108,-18,1.5,cerebrovascular_diseases
2020,14,1,2020-03-29,MA,48,31,67,48,0,1.5,cerebrovascular_diseases
2020,14,1,2020-03-29,MI,120,95,147,138,18,1.5,cerebrovascular_diseases
2020,14,1,2020-03-29,NJ,68,50,87,107,39,1.5,cerebrovascular_diseases
2020,14,1,2020-03-29,NY,83,62,105,92,9,1.5,cerebrovascular_diseases
2020,14,1,2020-03-29,NYC,36,24,51,72,36,1.5,cerebrovascular_diseases
2020,15,1,2020-04-05,IL,121.5,97,148,135,13.5,1.5,cerebrovascular_diseases
2020,15,1,2020-04-05,MA,48,33,64,60,12,1.5,cerebrovascular_diseases
2020,15,1,2020-04-05,MI,118,96,146,136,18,1.5,cerebrovascular_diseases
2020,15,1,2020-04-05,NJ,66,51,84,102,36,1.5,cerebrovascular_diseases
2020,15,1,2020-04-05,NY,80,60,101.02499999999998,95,15,1.5,cerebrovascular_diseases
2020,15,1,2020-04-05,NYC,36,24,50,84,48,1.5,cerebrovascular_diseases
2020,16,1,2020-04-12,IL,118,94,143.02499999999998,130,12,1.5,cerebrovascular_diseases
2020,16,1,2020-04-12,MA,47,30,64.02499999999998,52,5,1.5,cerebrovascular_diseases
2020,16,1,2020-04-12,MI,117,94,143,112,-5,1.5,cerebrovascular_diseases
2020,16,1,2020-04-12,NJ,65,48,84,91,26,1.5,cerebrovascular_diseases
2020,16,1,2020-04-12,NY,77,58.975,99.02499999999998,87,10,1.5,cerebrovascular_diseases
2020,16,1,2020-04-12,NYC,35,23,49.02499999999998,60,25,1.5,cerebrovascular_diseases
2020,17,1,2020-04-19,IL,115,91,141,133,18,1.5,cerebrovascular_diseases
2020,17,1,2020-04-19,MA,46,31,63,50,4,1.5,cerebrovascular_diseases
2020,17,1,2020-04-19,MI,115,92,142,114,-1,1.5,cerebrovascular_diseases
2020,17,1,2020-04-19,NJ,64,46,83,76,12,1.5,cerebrovascular_diseases
2020,17,1,2020-04-19,NY,74,55,98,77,3,1.5,cerebrovascular_diseases
2020,17,1,2020-04-19,NYC,34,22,48.02499999999998,38,4,1.5,cerebrovascular_diseases
2020,18,1,2020-04-26,IL,113,90.97500000000001,138,134,21,1.5,cerebrovascular_diseases
2020,18,1,2020-04-26,MA,45.5,30.975,61.02499999999998,46,0.5,1.5,cerebrovascular_diseases
2020,18,1,2020-04-26,MI,114,90,140.02499999999998,107,-7,1.5,cerebrovascular_diseases
2020,18,1,2020-04-26,NJ,64,48,83,71,7,1.5,cerebrovascular_diseases
2020,18,1,2020-04-26,NY,73,55,95,83,10,1.5,cerebrovascular_diseases
2020,18,1,2020-04-26,NYC,34,22,47,45,11,1.5,cerebrovascular_diseases
2020,19,1,2020-05-03,IL,114,91.975,138.02499999999998,131,17,1.5,cerebrovascular_diseases
2020,19,1,2020-05-03,MA,45,31,62,45,0,1.5,cerebrovascular_diseases
2020,19,1,2020-05-03,MI,114,90,140,83,-31,1.5,cerebrovascular_diseases
2020,19,1,2020-05-03,NJ,65,48,83,52,-13,1.5,cerebrovascular_diseases
2020,19,1,2020-05-03,NY,73,55,94.02499999999998,80,7,1.5,cerebrovascular_diseases
2020,19,1,2020-05-03,NYC,32,21,46,34,2,1.5,cerebrovascular_diseases
2020,20,1,2020-05-10,IL,116,92,140,120,4,1.5,cerebrovascular_diseases
2020,20,1,2020-05-10,MA,44,30,63,39,-5,1.5,cerebrovascular_diseases
2020,20,1,2020-05-10,MI,113,87.975,139,116,3,1.5,cerebrovascular_diseases
2020,20,1,2020-05-10,NJ,65,49.975,85,92,27,1.5,cerebrovascular_diseases
2020,20,1,2020-05-10,NY,74,54.975,96,78,4,1.5,cerebrovascular_diseases
2020,20,1,2020-05-10,NYC,32,20,45,40,8,1.5,cerebrovascular_diseases
2020,21,1,2020-05-17,IL,117,93,142.02499999999998,130,13,1.5,cerebrovascular_diseases
2020,21,1,2020-05-17,MA,45,30.975,63,50,5,1.5,cerebrovascular_diseases
2020,21,1,2020-05-17,MI,112,89,138,99,-13,1.5,cerebrovascular_diseases
2020,21,1,2020-05-17,NJ,67,48,87,73,6,1.5,cerebrovascular_diseases
2020,21,1,2020-05-17,NY,75,56,96,55,-20,1.5,cerebrovascular_diseases
2020,21,1,2020-05-17,NYC,32,20,45,30,-2,1.5,cerebrovascular_diseases
2020,22,1,2020-05-24,IL,115,91,140,106,-9,1.5,cerebrovascular_diseases
2020,22,1,2020-05-24,MA,46,32,65,41,-5,1.5,cerebrovascular_diseases
2020,22,1,2020-05-24,MI,111,88,137,100,-11,1.5,cerebrovascular_diseases
2020,22,1,2020-05-24,NJ,67,49.975,86,65,-2,1.5,cerebrovascular_diseases
2020,22,1,2020-05-24,NY,74,55,94,60,-14,1.5,cerebrovascular_diseases
2020,22,1,2020-05-24,NYC,33,22,47,31,-2,1.5,cerebrovascular_diseases
2020,23,1,2020-05-31,IL,110,86.97500000000001,134.02499999999998,117,7,1.5,cerebrovascular_diseases
2020,23,1,2020-05-31,MA,47,31,65,46,-1,1.5,cerebrovascular_diseases
2020,23,1,2020-05-31,MI,108,83.975,133,106,-2,1.5,cerebrovascular_diseases
2020,23,1,2020-05-31,NJ,66,47,84.02499999999998,40,-26,1.5,cerebrovascular_diseases
2020,23,1,2020-05-31,NY,72,54,93,78,6,1.5,cerebrovascular_diseases
2020,23,1,2020-05-31,NYC,36,23,50.02499999999998,31,-5,1.5,cerebrovascular_diseases
2020,10,1,2020-03-01,IL,111,86,142,134,23,1.5,chronic_lower_respiratory
2020,10,1,2020-03-01,MA,55,39,73,67,12,1.5,chronic_lower_respiratory
2020,10,1,2020-03-01,MI,131,107,159,135,4,1.5,chronic_lower_respiratory
2020,10,1,2020-03-01,NJ,62,44,85,60,-2,1.5,chronic_lower_respiratory
2020,10,1,2020-03-01,NY,120,93,149.02499999999998,106,-14,1.5,chronic_lower_respiratory
2020,10,1,2020-03-01,NYC,35,23.975,50,27,-8,1.5,chronic_lower_respiratory
2020,11,1,2020-03-08,IL,112,85.975,142,98,-14,1.5,chronic_lower_respiratory
2020,11,1,2020-03-08,MA,56,40,73,57,1,1.5,chronic_lower_respiratory
2020,11,1,2020-03-08,MI,132,105.975,160.02499999999998,131,-1,1.5,chronic_lower_respiratory
2020,11,1,2020-03-08,NJ,61,42,82,53,-8,1.5,chronic_lower_respiratory
2020,11,1,2020-03-08,NY,119,93,148.02499999999998,117,-2,1.5,chronic_lower_respiratory
2020,11,1,2020-03-08,NYC,34,21,49,32,-2,1.5,chronic_lower_respiratory
2020,12,1,2020-03-15,IL,113,87,143,125,12,1.5,chronic_lower_respiratory
2020,12,1,2020-03-15,MA,56,39.975,74.02499999999998,51,-5,1.5,chronic_lower_respiratory
2020,12,1,2020-03-15,MI,134,105,164,100,-34,1.5,chronic_lower_respiratory
2020,12,1,2020-03-15,NJ,59,42,80,65,6,1.5,chronic_lower_respiratory
2020,12,1,2020-03-15,NY,118,93,144.02499999999998,101,-17,1.5,chronic_lower_respiratory
2020,12,1,2020-03-15,NYC,33,22,48,37,4,1.5,chronic_lower_respiratory
2020,13,1,2020-03-22,IL,113,89,142,129,16,1.5,chronic_lower_respiratory
2020,13,1,2020-03-22,MA,57,40,75,66,9,1.5,chronic_lower_respiratory
2020,13,1,2020-03-22,MI,135,109,162,138,3,1.5,chronic_lower_respiratory
2020,13,1,2020-03-22,NJ,59,41,81,72,13,1.5,chronic_lower_respiratory
2020,13,1,2020-03-22,NY,118,92,145,142,24,1.5,chronic_lower_respiratory
2020,13,1,2020-03-22,NYC,33,21,47,78,45,1.5,chronic_lower_respiratory
2020,14,1,2020-03-29,IL,113,84,142,125,12,1.5,chronic_lower_respiratory
2020,14,1,2020-03-29,MA,56,40,75,74,18,1.5,chronic_lower_respiratory
2020,14,1,2020-03-29,MI,135,107.975,163,149,14,1.5,chronic_lower_respiratory
2020,14,1,2020-03-29,NJ,58,41,79,107,49,1.5,chronic_lower_respiratory
2020,14,1,2020-03-29,NY,117,90,145,131,14,1.5,chronic_lower_respiratory
2020,14,1,2020-03-29,NYC,33,21,47,126,93,1.5,chronic_lower_respiratory
2020,15,1,2020-04-05,IL,110,84,141,124,14,1.5,chronic_lower_respiratory
2020,15,1,2020-04-05,MA,55,39,73.02499999999998,66,11,1.5,chronic_lower_respiratory
2020,15,1,2020-04-05,MI,133,108,161.02499999999998,134,1,1.5,chronic_lower_respiratory
2020,15,1,2020-04-05,NJ,59,39,79,116,57,1.5,chronic_lower_respiratory
2020,15,1,2020-04-05,NY,115,90,141.04999999999995,134,19,1.5,chronic_lower_respiratory
2020,15,1,2020-04-05,NYC,33,21,47,107,74,1.5,chronic_lower_respiratory
2020,16,1,2020-04-12,IL,106,81,134,122,16,1.5,chronic_lower_respiratory
2020,16,1,2020-04-12,MA,54,38,70,74,20,1.5,chronic_lower_respiratory
2020,16,1,2020-04-12,MI,130,105,157,125,-5,1.5,chronic_lower_respiratory
2020,16,1,2020-04-12,NJ,58,39.975,81,95,37,1.5,chronic_lower_respiratory
2020,16,1,2020-04-12,NY,114,87,141,125,11,1.5,chronic_lower_respiratory
2020,16,1,2020-04-12,NYC,32,21,47,72,40,1.5,chronic_lower_respiratory
2020,17,1,2020-04-19,IL,103,78,129,105,2,1.5,chronic_lower_respiratory
2020,17,1,2020-04-19,MA,52,38,70,50,-2,1.5,chronic_lower_respiratory
2020,17,1,2020-04-19,MI,127,101,153,122,-5,1.5,chronic_lower_respiratory
2020,17,1,2020-04-19,NJ,57,39,78.02499999999998,99,42,1.5,chronic_lower_respiratory
2020,17,1,2020-04-19,NY,112,88,140,96,-16,1.5,chronic_lower_respiratory
2020,17,1,2020-04-19,NYC,32,20,46,34,2,1.5,chronic_lower_respiratory
2020,18,1,2020-04-26,IL,99,76,127,116,17,1.5,chronic_lower_respiratory
2020,18,1,2020-04-26,MA,51,36,69,49,-2,1.5,chronic_lower_respiratory
2020,18,1,2020-04-26,MI,123,99,150,125,2,1.5,chronic_lower_respiratory
2020,18,1,2020-04-26,NJ,56,39,76,66,10,1.5,chronic_lower_respiratory
2020,18,1,2020-04-26,NY,110,88,137,91,-19,1.5,chronic_lower_respiratory
2020,18,1,2020-04-26,NYC,31,20,45,30,-1,1.5,chronic_lower_respiratory
2020,19,1,2020-05-03,IL,96,73.975,125,100,4,1.5,chronic_lower_respiratory
2020,19,1,2020-05-03,MA,50,35,68,60,10,1.5,chronic_lower_respiratory
2020,19,1,2020-05-03,MI,120.5,95,149.02499999999998,97,-23.5,1.5,chronic_lower_respiratory
2020,19,1,2020-05-03,NJ,55,37,74.02499999999998,50,-5,1.5,chronic_lower_respiratory
2020,19,1,2020-05-03,NY,108,84,135,83,-25,1.5,chronic_lower_respiratory
2020,19,1,2020-05-03,NYC,30,19,44,26,-4,1.5,chronic_lower_respiratory
2020,20,1,2020-05-10,IL,96,72,123,87,-9,1.5,chronic_lower_respiratory
2020,20,1,2020-05-10,MA,49,33,66.02499999999998,45,-4,1.5,chronic_lower_respiratory
2020,20,1,2020-05-10,MI,118,94,145.02499999999998,78,-40,1.5,chronic_lower_respiratory
2020,20,1,2020-05-10,NJ,54,37,74,56,2,1.5,chronic_lower_respiratory
2020,20,1,2020-05-10,NY,106,80,132.02499999999998,76,-30,1.5,chronic_lower_respiratory
2020,20,1,2020-05-10,NYC,30,18,42,27,-3,1.5,chronic_lower_respiratory
2020,21,1,2020-05-17,IL,95,73,122.02499999999998,86,-9,1.5,chronic_lower_respiratory
2020,21,1,2020-05-17,MA,48,33,65,42,-6,1.5,chronic_lower_respiratory
2020,21,1,2020-05-17,MI,116,94,142,84,-32,1.5,chronic_lower_respiratory
2020,21,1,2020-05-17,NJ,53,37,72,48,-5,1.5,chronic_lower_respiratory
2020,21,1,2020-05-17,NY,105,80.975,129,78,-27,1.5,chronic_lower_respiratory
2020,21,1,2020-05-17,NYC,29,18,41,27,-2,1.5,chronic_lower_respiratory
2020,22,1,2020-05-24,IL,97,72,124,110,13,1.5,chronic_lower_respiratory
2020,22,1,2020-05-24,MA,47,33,62.02499999999998,43,-4,1.5,chronic_lower_respiratory
2020,22,1,2020-05-24,MI,114,90,138,83,-31,1.5,chronic_lower_respiratory
2020,22,1,2020-05-24,NJ,52.5,35,72,49,-3.5,1.5,chronic_lower_respiratory
2020,22,1,2020-05-24,NY,102,79.975,129.02499999999998,77,-25,1.5,chronic_lower_respiratory
2020,22,1,2020-05-24,NYC,30,18,43.02499999999998,21,-9,1.5,chronic_lower_respiratory
2020,23,1,2020-05-31,IL,98,74.97500000000001,128,79,-19,1.5,chronic_lower_respiratory
2020,23,1,2020-05-31,MA,44,31,60.02499999999998,49,5,1.5,chronic_lower_respiratory
2020,23,1,2020-05-31,MI,110,86,137,87,-23,1.5,chronic_lower_respiratory
2020,23,1,2020-05-31,NJ,52,36,75,39,-13,1.5,chronic_lower_respiratory
2020,23,1,2020-05-31,NY,101,78,128,60,-41,1.5,chronic_lower_respiratory
2020,23,1,2020-05-31,NYC,30,19,44,27,-3,1.5,chronic_lower_respiratory
2020,10,1,2020-03-01,IL,62,43,82.02499999999998,65,3,1.5,diabetes_mellitus_e10_e14
2020,10,1,2020-03-01,MA,31,20,46,39,8,1.5,diabetes_mellitus_e10_e14
2020,10,1,2020-03-01,MI,60,43,76.02499999999998,52,-8,1.5,diabetes_mellitus_e10_e14
2020,10,1,2020-03-01,NJ,36,23,50,41,5,1.5,diabetes_mellitus_e10_e14
2020,10,1,2020-03-01,NY,57,40,75,59,2,1.5,diabetes_mellitus_e10_e14
2020,10,1,2020-03-01,NYC,35,21,52,42,7,1.5,diabetes_mellitus_e10_e14
2020,11,1,2020-03-08,IL,59,42,78,54,-5,1.5,diabetes_mellitus_e10_e14
2020,11,1,2020-03-08,MA,31,20,46,22,-9,1.5,diabetes_mellitus_e10_e14
2020,11,1,2020-03-08,MI,59,43,78,56,-3,1.5,diabetes_mellitus_e10_e14
2020,11,1,2020-03-08,NJ,36,23.975,50,40,4,1.5,diabetes_mellitus_e10_e14
2020,11,1,2020-03-08,NY,56,40,74,42,-14,1.5,diabetes_mellitus_e10_e14
2020,11,1,2020-03-08,NYC,35,21,50,36,1,1.5,diabetes_mellitus_e10_e14
2020,12,1,2020-03-15,IL,59,41,79,49,-10,1.5,diabetes_mellitus_e10_e14
2020,12,1,2020-03-15,MA,32,20,45,26,-6,1.5,diabetes_mellitus_e10_e14
2020,12,1,2020-03-15,MI,59,43,77,68,9,1.5,diabetes_mellitus_e10_e14
2020,12,1,2020-03-15,NJ,36,24,50,43,7,1.5,diabetes_mellitus_e10_e14
2020,12,1,2020-03-15,NY,55,40,73.02499999999998,59,4,1.5,diabetes_mellitus_e10_e14
2020,12,1,2020-03-15,NYC,35,21,51,59,24,1.5,diabetes_mellitus_e10_e14
2020,13,1,2020-03-22,IL,57.5,41,76,69,11.5,1.5,diabetes_mellitus_e10_e14
2020,13,1,2020-03-22,MA,32,20,46,28,-4,1.5,diabetes_mellitus_e10_e14
2020,13,1,2020-03-22,MI,60,43,77.02499999999998,77,17,1.5,diabetes_mellitus_e10_e14
2020,13,1,2020-03-22,NJ,36,23,50,48,12,1.5,diabetes_mellitus_e10_e14
2020,13,1,2020-03-22,NY,55,38,73,69,14,1.5,diabetes_mellitus_e10_e14
2020,13,1,2020-03-22,NYC,35,22,51,85,50,1.5,diabetes_mellitus_e10_e14
2020,14,1,2020-03-29,IL,57,41,76,72,15,1.5,diabetes_mellitus_e10_e14
2020,14,1,2020-03-29,MA,32,20,45,34,2,1.5,diabetes_mellitus_e10_e14
2020,14,1,2020-03-29,MI,59,44,79,100,41,1.5,diabetes_mellitus_e10_e14
2020,14,1,2020-03-29,NJ,35,23,51,101,66,1.5,diabetes_mellitus_e10_e14
2020,14,1,2020-03-29,NY,54,38.975,73,94,40,1.5,diabetes_mellitus_e10_e14
2020,14,1,2020-03-29,NYC,36,22.975,51,182,146,1.5,diabetes_mellitus_e10_e14
2020,15,1,2020-04-05,IL,58,41,76.02499999999998,87,29,1.5,diabetes_mellitus_e10_e14
2020,15,1,2020-04-05,MA,31,20,45,28,-3,1.5,diabetes_mellitus_e10_e14
2020,15,1,2020-04-05,MI,59,42.975,78,86,27,1.5,diabetes_mellitus_e10_e14
2020,15,1,2020-04-05,NJ,34,23,49,94,60,1.5,diabetes_mellitus_e10_e14
2020,15,1,2020-04-05,NY,54,38,72,94,40,1.5,diabetes_mellitus_e10_e14
2020,15,1,2020-04-05,NYC,36,22,54,163,127,1.5,diabetes_mellitus_e10_e14
2020,16,1,2020-04-12,IL,56,40,76,83,27,1.5,diabetes_mellitus_e10_e14
2020,16,1,2020-04-12,MA,31,19,45,40,9,1.5,diabetes_mellitus_e10_e14
2020,16,1,2020-04-12,MI,60,44,78,83,23,1.5,diabetes_mellitus_e10_e14
2020,16,1,2020-04-12,NJ,34,22,47,105,71,1.5,diabetes_mellitus_e10_e14
2020,16,1,2020-04-12,NY,53,37,71,80,27,1.5,diabetes_mellitus_e10_e14
2020,16,1,2020-04-12,NYC,36,23,53,88,52,1.5,diabetes_mellitus_e10_e14
2020,17,1,2020-04-19,IL,56,40,75,63,7,1.5,diabetes_mellitus_e10_e14
2020,17,1,2020-04-19,MA,30,19,44,48,18,1.5,diabetes_mellitus_e10_e14
2020,17,1,2020-04-19,MI,60,44,77,83,23,1.5,diabetes_mellitus_e10_e14
2020,17,1,2020-04-19,NJ,33,21,47,84,51,1.5,diabetes_mellitus_e10_e14
2020,17,1,2020-04-19,NY,53,38,69.02499999999998,79,26,1.5,diabetes_mellitus_e10_e14
2020,17,1,2020-04-19,NYC,36,22,52,56,20,1.5,diabetes_mellitus_e10_e14
2020,18,1,2020-04-26,IL,55,39,75,66,11,1.5,diabetes_mellitus_e10_e14
2020,18,1,2020-04-26,MA,30,18,42,43,13,1.5,diabetes_mellitus_e10_e14
2020,18,1,2020-04-26,MI,60,44,80,76,16,1.5,diabetes_mellitus_e10_e14
2020,18,1,2020-04-26,NJ,33,21.975,47,64,31,1.5,diabetes_mellitus_e10_e14
2020,18,1,2020-04-26,NY,51,37,68.02499999999998,65,14,1.5,diabetes_mellitus_e10_e14
2020,18,1,2020-04-26,NYC,35,21.975,52,30,-5,1.5,diabetes_mellitus_e10_e14
2020,19,1,2020-05-03,IL,54,39,72,63,9,1.5,diabetes_mellitus_e10_e14
2020,19,1,2020-05-03,MA,29,18,43,45,16,1.5,diabetes_mellitus_e10_e14
2020,19,1,2020-05-03,MI,60,43,76,65,5,1.5,diabetes_mellitus_e10_e14
2020,19,1,2020-05-03,NJ,33,21,46.02499999999998,58,25,1.5,diabetes_mellitus_e10_e14
2020,19,1,2020-05-03,NY,50,35,67,67,17,1.5,diabetes_mellitus_e10_e14
2020,19,1,2020-05-03,NYC,34,21,50,33,-1,1.5,diabetes_mellitus_e10_e14
2020,20,1,2020-05-10,IL,53,36,71,74,21,1.5,diabetes_mellitus_e10_e14
2020,20,1,2020-05-10,MA,28,17,42,34,6,1.5,diabetes_mellitus_e10_e14
2020,20,1,2020-05-10,MI,59,42,77,69,10,1.5,diabetes_mellitus_e10_e14
2020,20,1,2020-05-10,NJ,33,21,47,46,13,1.5,diabetes_mellitus_e10_e14
2020,20,1,2020-05-10,NY,49,34,65,70,21,1.5,diabetes_mellitus_e10_e14
2020,20,1,2020-05-10,NYC,32,19,48,32,0,1.5,diabetes_mellitus_e10_e14
2020,21,1,2020-05-17,IL,51,36.975,69,57,6,1.5,diabetes_mellitus_e10_e14
2020,21,1,2020-05-17,MA,28,18,40,25,-3,1.5,diabetes_mellitus_e10_e14
2020,21,1,2020-05-17,MI,56.5,41,75,51,-5.5,1.5,diabetes_mellitus_e10_e14
2020,21,1,2020-05-17,NJ,33,21,47,42,9,1.5,diabetes_mellitus_e10_e14
2020,21,1,2020-05-17,NY,47,32,64,60,13,1.5,diabetes_mellitus_e10_e14
2020,21,1,2020-05-17,NYC,31,19,45.02499999999998,20,-11,1.5,diabetes_mellitus_e10_e14
2020,22,1,2020-05-24,IL,51,34.975,68.02499999999998,61,10,1.5,diabetes_mellitus_e10_e14
2020,22,1,2020-05-24,MA,27,17.975,40,26,-1,1.5,diabetes_mellitus_e10_e14
2020,22,1,2020-05-24,MI,54,38,72,52,-2,1.5,diabetes_mellitus_e10_e14
2020,22,1,2020-05-24,NJ,32,21,46,41,9,1.5,diabetes_mellitus_e10_e14
2020,22,1,2020-05-24,NY,46,32,62,63,17,1.5,diabetes_mellitus_e10_e14
2020,22,1,2020-05-24,NYC,30,18,44,23,-7,1.5,diabetes_mellitus_e10_e14
2020,23,1,2020-05-31,IL,53,38,72,59,6,1.5,diabetes_mellitus_e10_e14
2020,23,1,2020-05-31,MA,27,16,39,28,1,1.5,diabetes_mellitus_e10_e14
2020,23,1,2020-05-31,MI,50,36,66,51,1,1.5,diabetes_mellitus_e10_e14
2020,23,1,2020-05-31,NJ,30,19,44,37,7,1.5,diabetes_mellitus_e10_e14
2020,23,1,2020-05-31,NY,45,32,62,35,-10,1.5,diabetes_mellitus_e10_e14
2020,23,1,2020-05-31,NYC,30,18,44.02499999999998,25,-5,1.5,diabetes_mellitus_e10_e14
2020,10,1,2020-03-01,IL,42,24,66.02499999999998,92,50,1.5,influenza_and_pneumonia_j10
2020,10,1,2020-03-01,MA,37,21,57,39,2,1.5,influenza_and_pneumonia_j10
2020,10,1,2020-03-01,MI,32,16,55,53,21,1.5,influenza_and_pneumonia_j10
2020,10,1,2020-03-01,NJ,29,16.975,46,38,9,1.5,influenza_and_pneumonia_j10
2020,10,1,2020-03-01,NY,60,38,90,70,10,1.5,influenza_and_pneumonia_j10
2020,10,1,2020-03-01,NYC,51,33,75,42,-9,1.5,influenza_and_pneumonia_j10
2020,11,1,2020-03-08,IL,41,24,67,87,46,1.5,influenza_and_pneumonia_j10
2020,11,1,2020-03-08,MA,34,18,54,43,9,1.5,influenza_and_pneumonia_j10
2020,11,1,2020-03-08,MI,34,18,57,60,26,1.5,influenza_and_pneumonia_j10
2020,11,1,2020-03-08,NJ,28,14,44,34,6,1.5,influenza_and_pneumonia_j10
2020,11,1,2020-03-08,NY,60,38,88,66,6,1.5,influenza_and_pneumonia_j10
2020,11,1,2020-03-08,NYC,49,31.975,71.02499999999998,47,-2,1.5,influenza_and_pneumonia_j10
2020,12,1,2020-03-15,IL,39,22,64,83,44,1.5,influenza_and_pneumonia_j10
2020,12,1,2020-03-15,MA,33,18,53,39,6,1.5,influenza_and_pneumonia_j10
2020,12,1,2020-03-15,MI,34,19,55,65,31,1.5,influenza_and_pneumonia_j10
2020,12,1,2020-03-15,NJ,26,14,42,43,17,1.5,influenza_and_pneumonia_j10
2020,12,1,2020-03-15,NY,58,37,85,83,25,1.5,influenza_and_pneumonia_j10
2020,12,1,2020-03-15,NYC,47,29,70,61,14,1.5,influenza_and_pneumonia_j10
2020,13,1,2020-03-22,IL,38,22,61,80,42,1.5,influenza_and_pneumonia_j10
2020,13,1,2020-03-22,MA,32,18,53,42,10,1.5,influenza_and_pneumonia_j10
2020,13,1,2020-03-22,MI,34,18,57.02499999999998,75,41,1.5,influenza_and_pneumonia_j10
2020,13,1,2020-03-22,NJ,26,14,42,84,58,1.5,influenza_and_pneumonia_j10
2020,13,1,2020-03-22,NY,58,37,86,95,37,1.5,influenza_and_pneumonia_j10
2020,13,1,2020-03-22,NYC,45,28,68.02499999999998,123,78,1.5,influenza_and_pneumonia_j10
2020,14,1,2020-03-29,IL,37,21,58,76,39,1.5,influenza_and_pneumonia_j10
2020,14,1,2020-03-29,MA,32,17,53,53,21,1.5,influenza_and_pneumonia_j10
2020,14,1,2020-03-29,MI,33,18,55,100,67,1.5,influenza_and_pneumonia_j10
2020,14,1,2020-03-29,NJ,25,14,40,112,87,1.5,influenza_and_pneumonia_j10
2020,14,1,2020-03-29,NY,57,37,84,152,95,1.5,influenza_and_pneumonia_j10
2020,14,1,2020-03-29,NYC,44,26,64,231,187,1.5,influenza_and_pneumonia_j10
2020,15,1,2020-04-05,IL,35,19,54,55,20,1.5,influenza_and_pneumonia_j10
2020,15,1,2020-04-05,MA,32,17,52.02499999999998,62,30,1.5,influenza_and_pneumonia_j10
2020,15,1,2020-04-05,MI,31,16,51,67,36,1.5,influenza_and_pneumonia_j10
2020,15,1,2020-04-05,NJ,24,13,39.02499999999998,126,102,1.5,influenza_and_pneumonia_j10
2020,15,1,2020-04-05,NY,55,36,84,126,71,1.5,influenza_and_pneumonia_j10
2020,15,1,2020-04-05,NYC,43,27,65,177,134,1.5,influenza_and_pneumonia_j10
2020,16,1,2020-04-12,IL,32,18,52,72,40,1.5,influenza_and_pneumonia_j10
2020,16,1,2020-04-12,MA,32,17,53,55,23,1.5,influenza_and_pneumonia_j10
2020,16,1,2020-04-12,MI,29,15,49,52,23,1.5,influenza_and_pneumonia_j10
2020,16,1,2020-04-12,NJ,24,12,39,89,65,1.5,influenza_and_pneumonia_j10
2020,16,1,2020-04-12,NY,53,34,79,110,57,1.5,influenza_and_pneumonia_j10
2020,16,1,2020-04-12,NYC,43,26,63,69,26,1.5,influenza_and_pneumonia_j10
2020,17,1,2020-04-19,IL,31,17,47,50,19,1.5,influenza_and_pneumonia_j10
2020,17,1,2020-04-19,MA,31,17,50,38,7,1.5,influenza_and_pneumonia_j10
2020,17,1,2020-04-19,MI,26,13,44,51,25,1.5,influenza_and_pneumonia_j10
2020,17,1,2020-04-19,NJ,23,12.975000000000001,38,77,54,1.5,influenza_and_pneumonia_j10
2020,17,1,2020-04-19,NY,50,31,77,78,28,1.5,influenza_and_pneumonia_j10
2020,17,1,2020-04-19,NYC,41,26,61,65,24,1.5,influenza_and_pneumonia_j10
2020,18,1,2020-04-26,IL,29,15.975000000000001,48,52,23,1.5,influenza_and_pneumonia_j10
2020,18,1,2020-04-26,MA,30,16,48,36,6,1.5,influenza_and_pneumonia_j10
2020,18,1,2020-04-26,MI,25,12,41,32,7,1.5,influenza_and_pneumonia_j10
2020,18,1,2020-04-26,NJ,22,12,38,59,37,1.5,influenza_and_pneumonia_j10
2020,18,1,2020-04-26,NY,47.5,29.975,75,63,15.5,1.5,influenza_and_pneumonia_j10
2020,18,1,2020-04-26,NYC,41,25,60.02499999999998,51,10,1.5,influenza_and_pneumonia_j10
2020,19,1,2020-05-03,IL,29,15,47,51,22,1.5,influenza_and_pneumonia_j10
2020,19,1,2020-05-03,MA,27,15,45,27,0,1.5,influenza_and_pneumonia_j10
2020,19,1,2020-05-03,MI,22,11,39,39,17,1.5,influenza_and_pneumonia_j10
2020,19,1,2020-05-03,NJ,22,12,36.02499999999998,41,19,1.5,influenza_and_pneumonia_j10
2020,19,1,2020-05-03,NY,45,28,67,40,-5,1.5,influenza_and_pneumonia_j10
2020,19,1,2020-05-03,NYC,39,24,60,40,1,1.5,influenza_and_pneumonia_j10
2020,20,1,2020-05-10,IL,28,15,45,37,9,1.5,influenza_and_pneumonia_j10
2020,20,1,2020-05-10,MA,24.5,13,41,36,11.5,1.5,influenza_and_pneumonia_j10
2020,20,1,2020-05-10,MI,21,10,37.02499999999998,31,10,1.5,influenza_and_pneumonia_j10
2020,20,1,2020-05-10,NJ,21,10.975000000000001,34,34,13,1.5,influenza_and_pneumonia_j10
2020,20,1,2020-05-10,NY,41,25,62,39,-2,1.5,influenza_and_pneumonia_j10
2020,20,1,2020-05-10,NYC,38,22,58,31,-7,1.5,influenza_and_pneumonia_j10
2020,21,1,2020-05-17,IL,28,15,48,47,19,1.5,influenza_and_pneumonia_j10
2020,21,1,2020-05-17,MA,22,11,36,25,3,1.5,influenza_and_pneumonia_j10
2020,21,1,2020-05-17,MI,20,10,35,23,3,1.5,influenza_and_pneumonia_j10
2020,21,1,2020-05-17,NJ,20,10,34,30,10,1.5,influenza_and_pneumonia_j10
2020,21,1,2020-05-17,NY,40,23.975,57.02499999999998,48,8,1.5,influenza_and_pneumonia_j10
2020,21,1,2020-05-17,NYC,36,21.975,56,26,-10,1.5,influenza_and_pneumonia_j10
2020,22,1,2020-05-24,IL,29,14,45,34,5,1.5,influenza_and_pneumonia_j10
2020,22,1,2020-05-24,MA,20,10,35,19,-1,1.5,influenza_and_pneumonia_j10
2020,22,1,2020-05-24,MI,21,10,35.02499999999998,21,0,1.5,influenza_and_pneumonia_j10
2020,22,1,2020-05-24,NJ,19,8,31,32,13,1.5,influenza_and_pneumonia_j10
2020,22,1,2020-05-24,NY,37,22,57,35,-2,1.5,influenza_and_pneumonia_j10
2020,22,1,2020-05-24,NYC,34,20,52.02499999999998,20,-14,1.5,influenza_and_pneumonia_j10
2020,23,1,2020-05-31,IL,29,15,47,29,0,1.5,influenza_and_pneumonia_j10
2020,23,1,2020-05-31,MA,21,10.975000000000001,36.02499999999998,16,-5,1.5,influenza_and_pneumonia_j10
2020,23,1,2020-05-31,MI,21,10,38,22,1,1.5,influenza_and_pneumonia_j10
2020,23,1,2020-05-31,NJ,18,9,31,22,4,1.5,influenza_and_pneumonia_j10
2020,23,1,2020-05-31,NY,37,22,58,33,-4,1.5,influenza_and_pneumonia_j10
2020,23,1,2020-05-31,NYC,32,19,51,17,-15,1.5,influenza_and_pneumonia_j10
2020,10,1,2020-03-01,IL,450,396.975,519,467,17,1.5,malignant_neoplasms_c00_c97
2020,10,1,2020-03-01,MA,244,204,288,253,9,1.5,malignant_neoplasms_c00_c97
2020,10,1,2020-03-01,MI,414,356,478.025,396,-18,1.5,malignant_neoplasms_c00_c97
2020,10,1,2020-03-01,NJ,314,266,367,308,-6,1.5,malignant_neoplasms_c00_c97
2020,10,1,2020-03-01,NY,405,354,465,375,-30,1.5,malignant_neoplasms_c00_c97
2020,10,1,2020-03-01,NYC,234,197,272.025,241,7,1.5,malignant_neoplasms_c00_c97
2020,11,1,2020-03-08,IL,456,395,518.025,455,-1,1.5,malignant_neoplasms_c00_c97
2020,11,1,2020-03-08,MA,249,208,290,285,36,1.5,malignant_neoplasms_c00_c97
2020,11,1,2020-03-08,MI,416,356.975,474,360,-56,1.5,malignant_neoplasms_c00_c97
2020,11,1,2020-03-08,NJ,314,268,361.025,280,-34,1.5,malignant_neoplasms_c00_c97
2020,11,1,2020-03-08,NY,408,351.975,463,395,-13,1.5,malignant_neoplasms_c00_c97
2020,11,1,2020-03-08,NYC,233.5,199.975,272,230,-3.5,1.5,malignant_neoplasms_c00_c97
2020,12,1,2020-03-15,IL,455.5,398,515.025,474,18.5,1.5,malignant_neoplasms_c00_c97
2020,12,1,2020-03-15,MA,249,212,294,229,-20,1.5,malignant_neoplasms_c00_c97
2020,12,1,2020-03-15,MI,411,352.975,470,392,-19,1.5,malignant_neoplasms_c00_c97
2020,12,1,2020-03-15,NJ,313,269.975,361.025,306,-7,1.5,malignant_neoplasms_c00_c97
2020,12,1,2020-03-15,NY,410,360,471,398,-12,1.5,malignant_neoplasms_c00_c97
2020,12,1,2020-03-15,NYC,236,198.97500000000002,277,262,26,1.5,malignant_neoplasms_c00_c97
2020,13,1,2020-03-22,IL,456.5,392.975,521.025,446,-10.5,1.5,malignant_neoplasms_c00_c97
2020,13,1,2020-03-22,MA,250,209,292,252,2,1.5,malignant_neoplasms_c00_c97
2020,13,1,2020-03-22,MI,410,353,465.025,443,33,1.5,malignant_neoplasms_c00_c97
2020,13,1,2020-03-22,NJ,314,266,366.025,289,-25,1.5,malignant_neoplasms_c00_c97
2020,13,1,2020-03-22,NY,416,362,483,410,-6,1.5,malignant_neoplasms_c00_c97
2020,13,1,2020-03-22,NYC,234,196.975,274.025,266,32,1.5,malignant_neoplasms_c00_c97
2020,14,1,2020-03-29,IL,455,394.975,518,478,23,1.5,malignant_neoplasms_c00_c97
2020,14,1,2020-03-29,MA,248,207,293.025,283,35,1.5,malignant_neoplasms_c00_c97
2020,14,1,2020-03-29,MI,405,351,469,430,25,1.5,malignant_neoplasms_c00_c97
2020,14,1,2020-03-29,NJ,313,265,365,326,13,1.5,malignant_neoplasms_c00_c97
2020,14,1,2020-03-29,NY,419,366,479.025,435,16,1.5,malignant_neoplasms_c00_c97
2020,14,1,2020-03-29,NYC,233,196,274,260,27,1.5,malignant_neoplasms_c00_c97
2020,15,1,2020-04-05,IL,452,395,516.025,465,13,1.5,malignant_neoplasms_c00_c97
2020,15,1,2020-04-05,MA,244,204,286,236,-8,1.5,malignant_neoplasms_c00_c97
2020,15,1,2020-04-05,MI,402,345,466.025,394,-8,1.5,malignant_neoplasms_c00_c97
2020,15,1,2020-04-05,NJ,311,265,358,323,12,1.5,malignant_neoplasms_c00_c97
2020,15,1,2020-04-05,NY,422,362,483,427,5,1.5,malignant_neoplasms_c00_c97
2020,15,1,2020-04-05,NYC,233,195,271.025,251,18,1.5,malignant_neoplasms_c00_c97
2020,16,1,2020-04-12,IL,448,392,512,457,9,1.5,malignant_neoplasms_c00_c97
2020,16,1,2020-04-12,MA,243,201.975,286,234,-9,1.5,malignant_neoplasms_c00_c97
2020,16,1,2020-04-12,MI,401,346.975,464.04999999999995,387,-14,1.5,malignant_neoplasms_c00_c97
2020,16,1,2020-04-12,NJ,307,262,357.025,344,37,1.5,malignant_neoplasms_c00_c97
2020,16,1,2020-04-12,NY,418,366,480.0999999999999,366,-52,1.5,malignant_neoplasms_c00_c97
2020,16,1,2020-04-12,NYC,230,193.975,268.025,189,-41,1.5,malignant_neoplasms_c00_c97
2020,17,1,2020-04-19,IL,443,380.975,507.025,453,10,1.5,malignant_neoplasms_c00_c97
2020,17,1,2020-04-19,MA,240,201.975,283.025,234,-6,1.5,malignant_neoplasms_c00_c97
2020,17,1,2020-04-19,MI,397.5,344.975,457.025,375,-22.5,1.5,malignant_neoplasms_c00_c97
2020,17,1,2020-04-19,NJ,303,260,351,268,-35,1.5,malignant_neoplasms_c00_c97
2020,17,1,2020-04-19,NY,415,360.975,473,383,-32,1.5,malignant_neoplasms_c00_c97
2020,17,1,2020-04-19,NYC,228.5,190,267.025,199,-29.5,1.5,malignant_neoplasms_c00_c97
2020,18,1,2020-04-26,IL,441,379,503.04999999999995,441,0,1.5,malignant_neoplasms_c00_c97
2020,18,1,2020-04-26,MA,240,201,282,234,-6,1.5,malignant_neoplasms_c00_c97
2020,18,1,2020-04-26,MI,396,345.97499999999997,458.025,339,-57,1.5,malignant_neoplasms_c00_c97
2020,18,1,2020-04-26,NJ,303,256,349,298,-5,1.5,malignant_neoplasms_c00_c97
2020,18,1,2020-04-26,NY,411,354.975,470.025,407,-4,1.5,malignant_neoplasms_c00_c97
2020,18,1,2020-04-26,NYC,226,187,264,178,-48,1.5,malignant_neoplasms_c00_c97
2020,19,1,2020-05-03,IL,441,385,510,422,-19,1.5,malignant_neoplasms_c00_c97
2020,19,1,2020-05-03,MA,242,203,289,197,-45,1.5,malignant_neoplasms_c00_c97
2020,19,1,2020-05-03,MI,401,346,458,357,-44,1.5,malignant_neoplasms_c00_c97
2020,19,1,2020-05-03,NJ,299,256.975,348,284,-15,1.5,malignant_neoplasms_c00_c97
2020,19,1,2020-05-03,NY,405,354,463,340,-65,1.5,malignant_neoplasms_c00_c97
2020,19,1,2020-05-03,NYC,224,190,264,195,-29,1.5,malignant_neoplasms_c00_c97
2020,20,1,2020-05-10,IL,441,379,504.025,466,25,1.5,malignant_neoplasms_c00_c97
2020,20,1,2020-05-10,MA,246,206,290.025,213,-33,1.5,malignant_neoplasms_c00_c97
2020,20,1,2020-05-10,MI,405,350,466.025,302,-103,1.5,malignant_neoplasms_c00_c97
2020,20,1,2020-05-10,NJ,301,256,347,266,-35,1.5,malignant_neoplasms_c00_c97
2020,20,1,2020-05-10,NY,400,348,456.025,379,-21,1.5,malignant_neoplasms_c00_c97
2020,20,1,2020-05-10,NYC,225,190,261.025,190,-35,1.5,malignant_neoplasms_c00_c97
2020,21,1,2020-05-17,IL,443,386,501.025,450,7,1.5,malignant_neoplasms_c00_c97
2020,21,1,2020-05-17,MA,251,210,298,224,-27,1.5,malignant_neoplasms_c00_c97
2020,21,1,2020-05-17,MI,406,349,470,377,-29,1.5,malignant_neoplasms_c00_c97
2020,21,1,2020-05-17,NJ,302,258.95,350.04999999999995,286,-16,1.5,malignant_neoplasms_c00_c97
2020,21,1,2020-05-17,NY,401,344.975,461,366,-35,1.5,malignant_neoplasms_c00_c97
2020,21,1,2020-05-17,NYC,224,189,261,207,-17,1.5,malignant_neoplasms_c00_c97
2020,22,1,2020-05-24,IL,444,386,505.04999999999995,431,-13,1.5,malignant_neoplasms_c00_c97
2020,22,1,2020-05-24,MA,252,210.97500000000002,293.025,244,-8,1.5,malignant_neoplasms_c00_c97
2020,22,1,2020-05-24,MI,406,352,466,348,-58,1.5,malignant_neoplasms_c00_c97
2020,22,1,2020-05-24,NJ,302,256.975,354,258,-44,1.5,malignant_neoplasms_c00_c97
2020,22,1,2020-05-24,NY,405,348.975,466,361,-44,1.5,malignant_neoplasms_c00_c97
2020,22,1,2020-05-24,NYC,222,187.975,260,206,-16,1.5,malignant_neoplasms_c00_c97
2020,23,1,2020-05-31,IL,437,377.97499999999997,501.07499999999993,436,-1,1.5,malignant_neoplasms_c00_c97
2020,23,1,2020-05-31,MA,244,204,287.025,212,-32,1.5,malignant_neoplasms_c00_c97
2020,23,1,2020-05-31,MI,400,340,466.07499999999993,385,-15,1.5,malignant_neoplasms_c00_c97
2020,23,1,2020-05-31,NJ,302,256.975,348.025,237,-65,1.5,malignant_neoplasms_c00_c97
2020,23,1,2020-05-31,NY,418,362.975,476.025,390,-28,1.5,malignant_neoplasms_c00_c97
2020,23,1,2020-05-31,NYC,218,184,258.025,193,-25,1.5,malignant_neoplasms_c00_c97
2020,10,1,2020-03-01,IL,52,38,69,53,1,1.5,nephritis_nephrotic_syndrome
2020,10,1,2020-03-01,MA,29,18,42,29,0,1.5,nephritis_nephrotic_syndrome
2020,10,1,2020-03-01,MI,36,24,49,47,11,1.5,nephritis_nephrotic_syndrome
2020,10,1,2020-03-01,NJ,34,21,48,30,-4,1.5,nephritis_nephrotic_syndrome
2020,10,1,2020-03-01,NY,42,29,59,41,-1,1.5,nephritis_nephrotic_syndrome
2020,10,1,2020-03-01,NYC,4,1,8.024999999999977,0,-4,0.5,nephritis_nephrotic_syndrome
2020,11,1,2020-03-08,IL,52,37,70,61,9,1.5,nephritis_nephrotic_syndrome
2020,11,1,2020-03-08,MA,29,17,42,35,6,1.5,nephritis_nephrotic_syndrome
2020,11,1,2020-03-08,MI,36,24,50,45,9,1.5,nephritis_nephrotic_syndrome
2020,11,1,2020-03-08,NJ,34,22,48,27,-7,1.5,nephritis_nephrotic_syndrome
2020,11,1,2020-03-08,NY,42,29,59,37,-5,1.5,nephritis_nephrotic_syndrome
2020,11,1,2020-03-08,NYC,11,5,20,14,3,1.5,nephritis_nephrotic_syndrome
2020,12,1,2020-03-15,IL,53,38,70,57,4,1.5,nephritis_nephrotic_syndrome
2020,12,1,2020-03-15,MA,29,18,42,29,0,1.5,nephritis_nephrotic_syndrome
2020,12,1,2020-03-15,MI,36,23,51.02499999999998,43,7,1.5,nephritis_nephrotic_syndrome
2020,12,1,2020-03-15,NJ,34,22,47,57,23,1.5,nephritis_nephrotic_syndrome
2020,12,1,2020-03-15,NY,42,29,59,45,3,1.5,nephritis_nephrotic_syndrome
2020,12,1,2020-03-15,NYC,11,5,21,15,4,1.5,nephritis_nephrotic_syndrome
2020,13,1,2020-03-22,IL,52,37,70,55,3,1.5,nephritis_nephrotic_syndrome
2020,13,1,2020-03-22,MA,28,18,42,34,6,1.5,nephritis_nephrotic_syndrome
2020,13,1,2020-03-22,MI,36,24,50,46,10,1.5,nephritis_nephrotic_syndrome
2020,13,1,2020-03-22,NJ,34,21,47,34,0,1.5,nephritis_nephrotic_syndrome
2020,13,1,2020-03-22,NY,42,28,58,38,-4,1.5,nephritis_nephrotic_syndrome
2020,13,1,2020-03-22,NYC,11,5,20.024999999999977,21,10,1.5,nephritis_nephrotic_syndrome
2020,14,1,2020-03-29,IL,52,38,69,61,9,1.5,nephritis_nephrotic_syndrome
2020,14,1,2020-03-29,MA,28,17,39.02499999999998,22,-6,1.5,nephritis_nephrotic_syndrome
2020,14,1,2020-03-29,MI,36,23,50,45,9,1.5,nephritis_nephrotic_syndrome
2020,14,1,2020-03-29,NJ,32,20,46,43,11,1.5,nephritis_nephrotic_syndrome
2020,14,1,2020-03-29,NY,40,27,56,49,9,1.5,nephritis_nephrotic_syndrome
2020,14,1,2020-03-29,NYC,11,5,20,33,22,1.5,nephritis_nephrotic_syndrome
2020,15,1,2020-04-05,IL,53,37,69,58,5,1.5,nephritis_nephrotic_syndrome
2020,15,1,2020-04-05,MA,27,17,40,31,4,1.5,nephritis_nephrotic_syndrome
2020,15,1,2020-04-05,MI,35,23,50,37,2,1.5,nephritis_nephrotic_syndrome
2020,15,1,2020-04-05,NJ,32,20,45,46,14,1.5,nephritis_nephrotic_syndrome
2020,15,1,2020-04-05,NY,40,26.975,54,44,4,1.5,nephritis_nephrotic_syndrome
2020,15,1,2020-04-05,NYC,11,5,20,28,17,1.5,nephritis_nephrotic_syndrome
2020,16,1,2020-04-12,IL,52,38,69.02499999999998,60,8,1.5,nephritis_nephrotic_syndrome
2020,16,1,2020-04-12,MA,26,16,39,28,2,1.5,nephritis_nephrotic_syndrome
2020,16,1,2020-04-12,MI,35,22,49,34,-1,1.5,nephritis_nephrotic_syndrome
2020,16,1,2020-04-12,NJ,31,19,44,47,16,1.5,nephritis_nephrotic_syndrome
2020,16,1,2020-04-12,NY,39,26,54,37,-2,1.5,nephritis_nephrotic_syndrome
2020,16,1,2020-04-12,NYC,11,4,20,16,5,1.5,nephritis_nephrotic_syndrome
2020,17,1,2020-04-19,IL,53,37.975,70,46,-7,1.5,nephritis_nephrotic_syndrome
2020,17,1,2020-04-19,MA,26,14,39,24,-2,1.5,nephritis_nephrotic_syndrome
2020,17,1,2020-04-19,MI,33,22,46,30,-3,1.5,nephritis_nephrotic_syndrome
2020,17,1,2020-04-19,NJ,30,19,43,42,12,1.5,nephritis_nephrotic_syndrome
2020,17,1,2020-04-19,NY,38,24,52,47,9,1.5,nephritis_nephrotic_syndrome
2020,17,1,2020-04-19,NYC,11,5,19.024999999999977,13,2,1.5,nephritis_nephrotic_syndrome
2020,18,1,2020-04-26,IL,53,38,70,47,-6,1.5,nephritis_nephrotic_syndrome
2020,18,1,2020-04-26,MA,26,15,38,22,-4,1.5,nephritis_nephrotic_syndrome
2020,18,1,2020-04-26,MI,32,21,45,39,7,1.5,nephritis_nephrotic_syndrome
2020,18,1,2020-04-26,NJ,30,18,44,29,-1,1.5,nephritis_nephrotic_syndrome
2020,18,1,2020-04-26,NY,38,26,54,29,-9,1.5,nephritis_nephrotic_syndrome
2020,18,1,2020-04-26,NYC,4,0,9,0,-4,0.5,nephritis_nephrotic_syndrome
2020,19,1,2020-05-03,IL,52,38,70,48,-4,1.5,nephritis_nephrotic_syndrome
2020,19,1,2020-05-03,MA,26,15,37.02499999999998,30,4,1.5,nephritis_nephrotic_syndrome
2020,19,1,2020-05-03,MI,31,19,44,30,-1,1.5,nephritis_nephrotic_syndrome
2020,19,1,2020-05-03,NJ,30,20,45,32,2,1.5,nephritis_nephrotic_syndrome
2020,19,1,2020-05-03,NY,39,25.975,53,31,-8,1.5,nephritis_nephrotic_syndrome
2020,19,1,2020-05-03,NYC,12,5,22,11,-1,1.5,nephritis_nephrotic_syndrome
2020,20,1,2020-05-10,IL,52,37,70,57,5,1.5,nephritis_nephrotic_syndrome
2020,20,1,2020-05-10,MA,26,15,38,27,1,1.5,nephritis_nephrotic_syndrome
2020,20,1,2020-05-10,MI,30,19.975,43,29,-1,1.5,nephritis_nephrotic_syndrome
2020,20,1,2020-05-10,NJ,30,19.975,43.02499999999998,32,2,1.5,nephritis_nephrotic_syndrome
2020,20,1,2020-05-10,NY,39,27,54.02499999999998,39,0,1.5,nephritis_nephrotic_syndrome
2020,20,1,2020-05-10,NYC,12,5,21,10,-2,1.5,nephritis_nephrotic_syndrome
2020,21,1,2020-05-17,IL,52,36,68,49,-3,1.5,nephritis_nephrotic_syndrome
2020,21,1,2020-05-17,MA,26,15,38,22,-4,1.5,nephritis_nephrotic_syndrome
2020,21,1,2020-05-17,MI,30,19,43,30,0,1.5,nephritis_nephrotic_syndrome
2020,21,1,2020-05-17,NJ,30.5,19,44,26,-4.5,1.5,nephritis_nephrotic_syndrome
2020,21,1,2020-05-17,NY,39,26,55,28,-11,1.5,nephritis_nephrotic_syndrome
2020,21,1,2020-05-17,NYC,4,0,9,0,-4,0.5,nephritis_nephrotic_syndrome
2020,22,1,2020-05-24,IL,51,35,68,49,-2,1.5,nephritis_nephrotic_syndrome
2020,22,1,2020-05-24,MA,24,14,36,21,-3,1.5,nephritis_nephrotic_syndrome
2020,22,1,2020-05-24,MI,31,20,44,21,-10,1.5,nephritis_nephrotic_syndrome
2020,22,1,2020-05-24,NJ,30,19,44,19,-11,1.5,nephritis_nephrotic_syndrome
2020,22,1,2020-05-24,NY,37,25,51,33,-4,1.5,nephritis_nephrotic_syndrome
2020,22,1,2020-05-24,NYC,3,0,7,0,-3,0.5,nephritis_nephrotic_syndrome
2020,23,1,2020-05-31,IL,50,36.975,68,37,-13,1.5,nephritis_nephrotic_syndrome
2020,23,1,2020-05-31,MA,22,13,36,20,-2,1.5,nephritis_nephrotic_syndrome
2020,23,1,2020-05-31,MI,32,21,45,35,3,1.5,nephritis_nephrotic_syndrome
2020,23,1,2020-05-31,NJ,29,17,42,26,-3,1.5,nephritis_nephrotic_syndrome
2020,23,1,2020-05-31,NY,33,21,47,40,7,1.5,nephritis_nephrotic_syndrome
2020,23,1,2020-05-31,NYC,2,0,5,0,-2,0.5,nephritis_nephrotic_syndrome
2020,10,1,2020-03-01,IL,29,18,42,27,-2,1.5,other_diseases_of_respiratory
2020,10,1,2020-03-01,MA,20,11,31,21,1,1.5,other_diseases_of_respiratory
2020,10,1,2020-03-01,MI,24,14,36,31,7,1.5,other_diseases_of_respiratory
2020,10,1,2020-03-01,NJ,45,30,65,43,-2,1.5,other_diseases_of_respiratory
2020,10,1,2020-03-01,NY,54,38,72.02499999999998,35,-19,1.5,other_diseases_of_respiratory
2020,10,1,2020-03-01,NYC,4,1,9,0,-4,0.5,other_diseases_of_respiratory
2020,11,1,2020-03-08,IL,29,19,43,38,9,1.5,other_diseases_of_respiratory
2020,11,1,2020-03-08,MA,20,11,30,27,7,1.5,other_diseases_of_respiratory
2020,11,1,2020-03-08,MI,24,14.975000000000001,36,27,3,1.5,other_diseases_of_respiratory
2020,11,1,2020-03-08,NJ,46,30,66,39,-7,1.5,other_diseases_of_respiratory
2020,11,1,2020-03-08,NY,54,39,72,43,-11,1.5,other_diseases_of_respiratory
2020,11,1,2020-03-08,NYC,4,0,9,0,-4,0.5,other_diseases_of_respiratory
2020,12,1,2020-03-15,IL,30,18,43,33,3,1.5,other_diseases_of_respiratory
2020,12,1,2020-03-15,MA,21,11,32,24,3,1.5,other_diseases_of_respiratory
2020,12,1,2020-03-15,MI,24,14,36,17,-7,1.5,other_diseases_of_respiratory
2020,12,1,2020-03-15,NJ,46,29,66,43,-3,1.5,other_diseases_of_respiratory
2020,12,1,2020-03-15,NY,54,38.975,73,51,-3,1.5,other_diseases_of_respiratory
2020,12,1,2020-03-15,NYC,11,5,20,15,4,1.5,other_diseases_of_respiratory
2020,13,1,2020-03-22,IL,30,18.975,43,40,10,1.5,other_diseases_of_respiratory
2020,13,1,2020-03-22,MA,21,11,32,20,-1,1.5,other_diseases_of_respiratory
2020,13,1,2020-03-22,MI,24,15,36,31,7,1.5,other_diseases_of_respiratory
2020,13,1,2020-03-22,NJ,46,30.975,66,69,23,1.5,other_diseases_of_respiratory
2020,13,1,2020-03-22,NY,54,38,72,55,1,1.5,other_diseases_of_respiratory
2020,13,1,2020-03-22,NYC,10,4,18,27,17,1.5,other_diseases_of_respiratory
2020,14,1,2020-03-29,IL,30,18,43,29,-1,1.5,other_diseases_of_respiratory
2020,14,1,2020-03-29,MA,21,12,32,32,11,1.5,other_diseases_of_respiratory
2020,14,1,2020-03-29,MI,24,14,36,22,-2,1.5,other_diseases_of_respiratory
2020,14,1,2020-03-29,NJ,46,30,65,75,29,1.5,other_diseases_of_respiratory
2020,14,1,2020-03-29,NY,52,37,70,48,-4,1.5,other_diseases_of_respiratory
2020,14,1,2020-03-29,NYC,9,3.9750000000000014,16,55,46,1.5,other_diseases_of_respiratory
2020,15,1,2020-04-05,IL,29,17,42,24,-5,1.5,other_diseases_of_respiratory
2020,15,1,2020-04-05,MA,21,12,32,29,8,1.5,other_diseases_of_respiratory
2020,15,1,2020-04-05,MI,24,14,35,32,8,1.5,other_diseases_of_respiratory
2020,15,1,2020-04-05,NJ,45,30,66,92,47,1.5,other_diseases_of_respiratory
2020,15,1,2020-04-05,NY,51,36,68,40,-11,1.5,other_diseases_of_respiratory
2020,15,1,2020-04-05,NYC,9,3,16,64,55,1.5,other_diseases_of_respiratory
2020,16,1,2020-04-12,IL,28,17,40,27,-1,1.5,other_diseases_of_respiratory
2020,16,1,2020-04-12,MA,21,11,32,33,12,1.5,other_diseases_of_respiratory
2020,16,1,2020-04-12,MI,24,14,35,28,4,1.5,other_diseases_of_respiratory
2020,16,1,2020-04-12,NJ,45,29,64,69,24,1.5,other_diseases_of_respiratory
2020,16,1,2020-04-12,NY,49,33,66,47,-2,1.5,other_diseases_of_respiratory
2020,16,1,2020-04-12,NYC,8,3,16,42,34,1.5,other_diseases_of_respiratory
2020,17,1,2020-04-19,IL,27,16,40,32,5,1.5,other_diseases_of_respiratory
2020,17,1,2020-04-19,MA,20,11,31,38,18,1.5,other_diseases_of_respiratory
2020,17,1,2020-04-19,MI,24,14,36.02499999999998,30,6,1.5,other_diseases_of_respiratory
2020,17,1,2020-04-19,NJ,43.5,27,62,66,22.5,1.5,other_diseases_of_respiratory
2020,17,1,2020-04-19,NY,47,34,64,42,-5,1.5,other_diseases_of_respiratory
2020,17,1,2020-04-19,NYC,8,3,15,22,14,1.5,other_diseases_of_respiratory
2020,18,1,2020-04-26,IL,26,16,38,27,1,1.5,other_diseases_of_respiratory
2020,18,1,2020-04-26,MA,20,11,30,26,6,1.5,other_diseases_of_respiratory
2020,18,1,2020-04-26,MI,24,14,36,19,-5,1.5,other_diseases_of_respiratory
2020,18,1,2020-04-26,NJ,42,26.975,61,51,9,1.5,other_diseases_of_respiratory
2020,18,1,2020-04-26,NY,46,32,64,27,-19,1.5,other_diseases_of_respiratory
2020,18,1,2020-04-26,NYC,8,3,16,24,16,1.5,other_diseases_of_respiratory
2020,19,1,2020-05-03,IL,25,15,37,30,5,1.5,other_diseases_of_respiratory
2020,19,1,2020-05-03,MA,19,10,30,23,4,1.5,other_diseases_of_respiratory
2020,19,1,2020-05-03,MI,25,14,37,24,-1,1.5,other_diseases_of_respiratory
2020,19,1,2020-05-03,NJ,41,26,60,46,5,1.5,other_diseases_of_respiratory
2020,19,1,2020-05-03,NY,47,31,63,38,-9,1.5,other_diseases_of_respiratory
2020,19,1,2020-05-03,NYC,9,3,16,19,10,1.5,other_diseases_of_respiratory
2020,20,1,2020-05-10,IL,26,16,37.02499999999998,30,4,1.5,other_diseases_of_respiratory
2020,20,1,2020-05-10,MA,18,10,29,24,6,1.5,other_diseases_of_respiratory
2020,20,1,2020-05-10,MI,25,14.975000000000001,37,20,-5,1.5,other_diseases_of_respiratory
2020,20,1,2020-05-10,NJ,40,25,58,39,-1,1.5,other_diseases_of_respiratory
2020,20,1,2020-05-10,NY,47,31,64,32,-15,1.5,other_diseases_of_respiratory
2020,20,1,2020-05-10,NYC,3,0,8,0,-3,0.5,other_diseases_of_respiratory
2020,21,1,2020-05-17,IL,26,15,38,30,4,1.5,other_diseases_of_respiratory
2020,21,1,2020-05-17,MA,18,10,29,17,-1,1.5,other_diseases_of_respiratory
2020,21,1,2020-05-17,MI,25,14.975000000000001,37,14,-11,1.5,other_diseases_of_respiratory
2020,21,1,2020-05-17,NJ,40,26,57.02499999999998,30,-10,1.5,other_diseases_of_respiratory
2020,21,1,2020-05-17,NY,47,32,63.02499999999998,37,-10,1.5,other_diseases_of_respiratory
2020,21,1,2020-05-17,NYC,10,4,18,18,8,1.5,other_diseases_of_respiratory
2020,22,1,2020-05-24,IL,27.5,17,40,21,-6.5,1.5,other_diseases_of_respiratory
2020,22,1,2020-05-24,MA,18,9,29,13,-5,1.5,other_diseases_of_respiratory
2020,22,1,2020-05-24,MI,24,13,36,24,0,1.5,other_diseases_of_respiratory
2020,22,1,2020-05-24,NJ,40,25.975,57.02499999999998,35,-5,1.5,other_diseases_of_respiratory
2020,22,1,2020-05-24,NY,46,31,65,30,-16,1.5,other_diseases_of_respiratory
2020,22,1,2020-05-24,NYC,11,4,19,10,-1,1.5,other_diseases_of_respiratory
2020,23,1,2020-05-31,IL,29,17,43,30,1,1.5,other_diseases_of_respiratory
2020,23,1,2020-05-31,MA,18,9,29,19,1,1.5,other_diseases_of_respiratory
2020,23,1,2020-05-31,MI,22,13,34,18,-4,1.5,other_diseases_of_respiratory
2020,23,1,2020-05-31,NJ,40,27,58.02499999999998,28,-12,1.5,other_diseases_of_respiratory
2020,23,1,2020-05-31,NY,45,31,64,37,-8,1.5,other_diseases_of_respiratory
2020,23,1,2020-05-31,NYC,3,0,8,0,-3,0.5,other_diseases_of_respiratory
2020,10,1,2020-03-01,IL,29,18,44,39,10,1.5,septicemia_a40_a41
2020,10,1,2020-03-01,MA,23,13,36,20,-3,1.5,septicemia_a40_a41
2020,10,1,2020-03-01,MI,23,14,34,27,4,1.5,septicemia_a40_a41
2020,10,1,2020-03-01,NJ,39,26,52.02499999999998,43,4,1.5,septicemia_a40_a41
2020,10,1,2020-03-01,NY,24,14,37,36,12,1.5,septicemia_a40_a41
2020,10,1,2020-03-01,NYC,10,4,19,12,2,1.5,septicemia_a40_a41
2020,11,1,2020-03-08,IL,29,17.975,43.02499999999998,35,6,1.5,septicemia_a40_a41
2020,11,1,2020-03-08,MA,23,13.975000000000001,35,14,-9,1.5,septicemia_a40_a41
2020,11,1,2020-03-08,MI,23,13,34,25,2,1.5,septicemia_a40_a41
2020,11,1,2020-03-08,NJ,38,26,53,38,0,1.5,septicemia_a40_a41
2020,11,1,2020-03-08,NY,24,14.975000000000001,35,15,-9,1.5,septicemia_a40_a41
2020,11,1,2020-03-08,NYC,9,4,17,14,5,1.5,septicemia_a40_a41
2020,12,1,2020-03-15,IL,30,18,43,36,6,1.5,septicemia_a40_a41
2020,12,1,2020-03-15,MA,23,13,34,30,7,1.5,septicemia_a40_a41
2020,12,1,2020-03-15,MI,22,13,34,31,9,1.5,septicemia_a40_a41
2020,12,1,2020-03-15,NJ,38,26,53,40,2,1.5,septicemia_a40_a41
2020,12,1,2020-03-15,NY,24,14,35,30,6,1.5,septicemia_a40_a41
2020,12,1,2020-03-15,NYC,9,3,16,12,3,1.5,septicemia_a40_a41
2020,13,1,2020-03-22,IL,29,18,44,28,-1,1.5,septicemia_a40_a41
2020,13,1,2020-03-22,MA,23,13,35,23,0,1.5,septicemia_a40_a41
2020,13,1,2020-03-22,MI,22,13,34,29,7,1.5,septicemia_a40_a41
2020,13,1,2020-03-22,NJ,38,26,53,64,26,1.5,septicemia_a40_a41
2020,13,1,2020-03-22,NY,24,14,35,40,16,1.5,septicemia_a40_a41
2020,13,1,2020-03-22,NYC,8,3,16,14,6,1.5,septicemia_a40_a41
2020,14,1,2020-03-29,IL,29,17,42,33,4,1.5,septicemia_a40_a41
2020,14,1,2020-03-29,MA,22,12.975000000000001,34,16,-6,1.5,septicemia_a40_a41
2020,14,1,2020-03-29,MI,22,12,34,36,14,1.5,septicemia_a40_a41
2020,14,1,2020-03-29,NJ,38,25,53.02499999999998,64,26,1.5,septicemia_a40_a41
2020,14,1,2020-03-29,NY,24,14,36,32,8,1.5,septicemia_a40_a41
2020,14,1,2020-03-29,NYC,8,2,15,24,16,1.5,septicemia_a40_a41
2020,15,1,2020-04-05,IL,28,17,43.02499999999998,31,3,1.5,septicemia_a40_a41
2020,15,1,2020-04-05,MA,21,12,33,30,9,1.5,septicemia_a40_a41
2020,15,1,2020-04-05,MI,22,12,35,24,2,1.5,septicemia_a40_a41
2020,15,1,2020-04-05,NJ,38,25,52.02499999999998,66,28,1.5,septicemia_a40_a41
2020,15,1,2020-04-05,NY,23,14,35,23,0,1.5,septicemia_a40_a41
2020,15,1,2020-04-05,NYC,7,2,15,10,3,1.5,septicemia_a40_a41
2020,16,1,2020-04-12,IL,28,17,40.02499999999998,23,-5,1.5,septicemia_a40_a41
2020,16,1,2020-04-12,MA,20.5,11,31,26,5.5,1.5,septicemia_a40_a41
2020,16,1,2020-04-12,MI,22,13,34,29,7,1.5,septicemia_a40_a41
2020,16,1,2020-04-12,NJ,36,24,51,49,13,1.5,septicemia_a40_a41
2020,16,1,2020-04-12,NY,23,14,34.02499999999998,22,-1,1.5,septicemia_a40_a41
2020,16,1,2020-04-12,NYC,7,2,14,13,6,1.5,septicemia_a40_a41
2020,17,1,2020-04-19,IL,27,16,40,22,-5,1.5,septicemia_a40_a41
2020,17,1,2020-04-19,MA,20,11,31,25,5,1.5,septicemia_a40_a41
2020,17,1,2020-04-19,MI,22,12,33,27,5,1.5,septicemia_a40_a41
2020,17,1,2020-04-19,NJ,36,23,49,52,16,1.5,septicemia_a40_a41
2020,17,1,2020-04-19,NY,22,13,33,21,-1,1.5,septicemia_a40_a41
2020,17,1,2020-04-19,NYC,6,2,13,10,4,1.5,septicemia_a40_a41
2020,18,1,2020-04-26,IL,27,16.975,39,26,-1,1.5,septicemia_a40_a41
2020,18,1,2020-04-26,MA,19,10,30,29,10,1.5,septicemia_a40_a41
2020,18,1,2020-04-26,MI,22,12.975000000000001,33,27,5,1.5,septicemia_a40_a41
2020,18,1,2020-04-26,NJ,34,22,48,52,18,1.5,septicemia_a40_a41
2020,18,1,2020-04-26,NY,22,12.975000000000001,33,22,0,1.5,septicemia_a40_a41
2020,18,1,2020-04-26,NYC,2,0,6,0,-2,0.5,septicemia_a40_a41
2020,19,1,2020-05-03,IL,26,14,39,29,3,1.5,septicemia_a40_a41
2020,19,1,2020-05-03,MA,19,10,29,13,-6,1.5,septicemia_a40_a41
2020,19,1,2020-05-03,MI,22,12,33,16,-6,1.5,septicemia_a40_a41
2020,19,1,2020-05-03,NJ,33,21,46,38,5,1.5,septicemia_a40_a41
2020,19,1,2020-05-03,NY,21,12,32,22,1,1.5,septicemia_a40_a41
2020,19,1,2020-05-03,NYC,2,0,5,0,-2,0.5,septicemia_a40_a41
2020,20,1,2020-05-10,IL,26,14,39,30,4,1.5,septicemia_a40_a41
2020,20,1,2020-05-10,MA,18,10,29,18,0,1.5,septicemia_a40_a41
2020,20,1,2020-05-10,MI,22,13,32,14,-8,1.5,septicemia_a40_a41
2020,20,1,2020-05-10,NJ,32,21,45,41,9,1.5,septicemia_a40_a41
2020,20,1,2020-05-10,NY,20,11,31,16,-4,1.5,septicemia_a40_a41
2020,20,1,2020-05-10,NYC,5,1,11,15,10,1.5,septicemia_a40_a41
2020,21,1,2020-05-17,IL,26,16,38,41,15,1.5,septicemia_a40_a41
2020,21,1,2020-05-17,MA,18,10,29,11,-7,1.5,septicemia_a40_a41
2020,21,1,2020-05-17,MI,21,12,32,18,-3,1.5,septicemia_a40_a41
2020,21,1,2020-05-17,NJ,31,20,44,30,-1,1.5,septicemia_a40_a41
2020,21,1,2020-05-17,NY,19,11,30,24,5,1.5,septicemia_a40_a41
2020,21,1,2020-05-17,NYC,2,0,5,0,-2,0.5,septicemia_a40_a41
2020,22,1,2020-05-24,IL,25,15,38.02499999999998,21,-4,1.5,septicemia_a40_a41
2020,22,1,2020-05-24,MA,19,10,29,12,-7,1.5,septicemia_a40_a41
2020,22,1,2020-05-24,MI,20,11,31,20,0,1.5,septicemia_a40_a41
2020,22,1,2020-05-24,NJ,30,19.975,43,36,6,1.5,septicemia_a40_a41
2020,22,1,2020-05-24,NY,19,10,30,19,0,1.5,septicemia_a40_a41
2020,22,1,2020-05-24,NYC,2,0,5,0,-2,0.5,septicemia_a40_a41
2020,23,1,2020-05-31,IL,24,13,37,37,13,1.5,septicemia_a40_a41
2020,23,1,2020-05-31,MA,20,11,30,15,-5,1.5,septicemia_a40_a41
2020,23,1,2020-05-31,MI,19,10,29,27,8,1.5,septicemia_a40_a41
2020,23,1,2020-05-31,NJ,30,18,42,23,-7,1.5,septicemia_a40_a41
2020,23,1,2020-05-31,NY,19,10,29,18,-1,1.5,septicemia_a40_a41
2020,23,1,2020-05-31,NYC,7,2,15,13,6,1.5,septicemia_a40_a41
