state,week_end,count,WEEK,SEASON,one
AL,2019-01-05,0,1,2018-19,1
AL,2019-01-12,0,2,2018-19,1
AL,2019-01-19,0,3,2018-19,1
AL,2019-01-26,0,4,2018-19,1
AL,2019-02-02,0,5,2018-19,1
AL,2019-02-09,0,6,2018-19,1
AL,2019-02-16,0,7,2018-19,1
AL,2019-02-23,0,8,2018-19,1
AL,2019-03-02,0,9,2018-19,1
AL,2019-03-09,0,10,2018-19,1
AL,2019-03-16,0,11,2018-19,1
AL,2019-03-23,0,12,2018-19,1
AL,2019-03-30,0,13,2018-19,1
AL,2019-04-06,0,14,2018-19,1
AL,2019-04-13,0,15,2018-19,1
AL,2019-04-20,0,16,2018-19,1
AL,2019-04-27,0,17,2018-19,1
AL,2019-05-04,0,18,2018-19,1
AL,2019-05-11,0,19,2018-19,1
AL,2019-05-18,0,20,2018-19,1
AL,2019-05-25,0,21,2018-19,1
AL,2019-06-01,0,22,2018-19,1
AL,2019-06-08,0,23,2018-19,1
AL,2019-06-15,0,24,2018-19,1
AL,2019-06-22,0,25,2018-19,1
AL,2019-06-29,0,26,2018-19,1
AL,2019-07-06,0,27,2018-19,1
AL,2019-07-13,0,28,2018-19,1
AL,2019-07-20,0,29,2018-19,1
AL,2019-07-27,0,30,2018-19,1
AL,2020-01-04,0,1,2019-20,1
AL,2020-01-11,0,2,2019-20,1
AL,2020-01-18,0,3,2019-20,1
AL,2020-01-25,0,4,2019-20,1
AL,2020-02-01,0,5,2019-20,1
AL,2020-02-08,0,6,2019-20,1
AL,2020-02-15,0,7,2019-20,1
AL,2020-02-22,0,8,2019-20,1
AL,2020-02-29,0,9,2019-20,1
AL,2020-03-07,0,10,2019-20,1
AL,2020-03-14,0,11,2019-20,1
AL,2020-03-28,23,13,2019-20,1
AL,2020-04-04,49,14,2019-20,1
AL,2020-04-11,81,15,2019-20,1
AL,2020-04-18,89,16,2019-20,1
AL,2020-04-25,83,17,2019-20,1
AL,2020-05-02,79,18,2019-20,1
AL,2020-05-09,114,19,2019-20,1
AL,2020-05-16,91,20,2019-20,1
AL,2020-05-23,77,21,2019-20,1
AL,2020-05-30,103,22,2019-20,1
AL,2020-06-06,86,23,2019-20,1
AL,2020-06-13,78,24,2019-20,1
AL,2020-06-20,84,25,2019-20,1
AL,2020-06-27,96,26,2019-20,1
AL,2020-07-04,110,27,2019-20,1
AL,2020-07-11,102,28,2019-20,1
AL,2020-07-18,122,29,2019-20,1
AL,2020-07-25,88,30,2019-20,1
AK,2019-01-05,0,1,2018-19,1
AK,2019-01-12,0,2,2018-19,1
AK,2019-01-19,0,3,2018-19,1
AK,2019-01-26,0,4,2018-19,1
AK,2019-02-02,0,5,2018-19,1
AK,2019-02-09,0,6,2018-19,1
AK,2019-02-16,0,7,2018-19,1
AK,2019-02-23,0,8,2018-19,1
AK,2019-03-02,0,9,2018-19,1
AK,2019-03-09,0,10,2018-19,1
AK,2019-03-16,0,11,2018-19,1
AK,2019-03-23,0,12,2018-19,1
AK,2019-03-30,0,13,2018-19,1
AK,2019-04-06,0,14,2018-19,1
AK,2019-04-13,0,15,2018-19,1
AK,2019-04-20,0,16,2018-19,1
AK,2019-04-27,0,17,2018-19,1
AK,2019-05-04,0,18,2018-19,1
AK,2019-05-11,0,19,2018-19,1
AK,2019-05-18,0,20,2018-19,1
AK,2019-05-25,0,21,2018-19,1
AK,2019-06-01,0,22,2018-19,1
AK,2019-06-08,0,23,2018-19,1
AK,2019-06-15,0,24,2018-19,1
AK,2019-06-22,0,25,2018-19,1
AK,2019-06-29,0,26,2018-19,1
AK,2019-07-06,0,27,2018-19,1
AK,2019-07-13,0,28,2018-19,1
AK,2019-07-20,0,29,2018-19,1
AK,2019-07-27,0,30,2018-19,1
AK,2020-01-04,0,1,2019-20,1
AK,2020-01-11,0,2,2019-20,1
AK,2020-01-18,0,3,2019-20,1
AK,2020-01-25,0,4,2019-20,1
AK,2020-02-01,0,5,2019-20,1
AK,2020-02-08,0,6,2019-20,1
AK,2020-02-15,0,7,2019-20,1
AK,2020-02-22,0,8,2019-20,1
AK,2020-02-29,0,9,2019-20,1
AK,2020-03-07,0,10,2019-20,1
AK,2020-03-14,0,11,2019-20,1
AK,2020-03-21,0,12,2019-20,1
AK,2020-04-25,0,17,2019-20,1
AK,2020-05-02,0,18,2019-20,1
AK,2020-05-16,0,20,2019-20,1
AK,2020-05-23,0,21,2019-20,1
AK,2020-05-30,0,22,2019-20,1
AK,2020-06-06,0,23,2019-20,1
AK,2020-06-20,0,25,2019-20,1
AK,2020-06-27,0,26,2019-20,1
AK,2020-07-25,0,30,2019-20,1
AZ,2019-01-05,0,1,2018-19,1
AZ,2019-01-12,0,2,2018-19,1
AZ,2019-01-19,0,3,2018-19,1
AZ,2019-01-26,0,4,2018-19,1
AZ,2019-02-02,0,5,2018-19,1
AZ,2019-02-09,0,6,2018-19,1
AZ,2019-02-16,0,7,2018-19,1
AZ,2019-02-23,0,8,2018-19,1
AZ,2019-03-02,0,9,2018-19,1
AZ,2019-03-09,0,10,2018-19,1
AZ,2019-03-16,0,11,2018-19,1
AZ,2019-03-23,0,12,2018-19,1
AZ,2019-03-30,0,13,2018-19,1
AZ,2019-04-06,0,14,2018-19,1
AZ,2019-04-13,0,15,2018-19,1
AZ,2019-04-20,0,16,2018-19,1
AZ,2019-04-27,0,17,2018-19,1
AZ,2019-05-04,0,18,2018-19,1
AZ,2019-05-11,0,19,2018-19,1
AZ,2019-05-18,0,20,2018-19,1
AZ,2019-05-25,0,21,2018-19,1
AZ,2019-06-01,0,22,2018-19,1
AZ,2019-06-08,0,23,2018-19,1
AZ,2019-06-15,0,24,2018-19,1
AZ,2019-06-22,0,25,2018-19,1
AZ,2019-06-29,0,26,2018-19,1
AZ,2019-07-06,0,27,2018-19,1
AZ,2019-07-13,0,28,2018-19,1
AZ,2019-07-20,0,29,2018-19,1
AZ,2019-07-27,0,30,2018-19,1
AZ,2020-01-04,0,1,2019-20,1
AZ,2020-01-11,0,2,2019-20,1
AZ,2020-01-18,0,3,2019-20,1
AZ,2020-01-25,0,4,2019-20,1
AZ,2020-02-01,0,5,2019-20,1
AZ,2020-02-08,0,6,2019-20,1
AZ,2020-02-15,0,7,2019-20,1
AZ,2020-02-22,0,8,2019-20,1
AZ,2020-02-29,0,9,2019-20,1
AZ,2020-03-07,0,10,2019-20,1
AZ,2020-03-14,0,11,2019-20,1
AZ,2020-03-28,31,13,2019-20,1
AZ,2020-04-04,58,14,2019-20,1
AZ,2020-04-11,91,15,2019-20,1
AZ,2020-04-18,95,16,2019-20,1
AZ,2020-04-25,106,17,2019-20,1
AZ,2020-05-02,104,18,2019-20,1
AZ,2020-05-09,125,19,2019-20,1
AZ,2020-05-16,116,20,2019-20,1
AZ,2020-05-23,95,21,2019-20,1
AZ,2020-05-30,110,22,2019-20,1
AZ,2020-06-06,132,23,2019-20,1
AZ,2020-06-13,169,24,2019-20,1
AZ,2020-06-20,201,25,2019-20,1
AZ,2020-06-27,250,26,2019-20,1
AZ,2020-07-04,356,27,2019-20,1
AZ,2020-07-11,465,28,2019-20,1
AZ,2020-07-18,477,29,2019-20,1
AZ,2020-07-25,306,30,2019-20,1
AR,2019-01-05,0,1,2018-19,1
AR,2019-01-12,0,2,2018-19,1
AR,2019-01-19,0,3,2018-19,1
AR,2019-01-26,0,4,2018-19,1
AR,2019-02-02,0,5,2018-19,1
AR,2019-02-09,0,6,2018-19,1
AR,2019-02-16,0,7,2018-19,1
AR,2019-02-23,0,8,2018-19,1
AR,2019-03-02,0,9,2018-19,1
AR,2019-03-09,0,10,2018-19,1
AR,2019-03-16,0,11,2018-19,1
AR,2019-03-23,0,12,2018-19,1
AR,2019-03-30,0,13,2018-19,1
AR,2019-04-06,0,14,2018-19,1
AR,2019-04-13,0,15,2018-19,1
AR,2019-04-20,0,16,2018-19,1
AR,2019-04-27,0,17,2018-19,1
AR,2019-05-04,0,18,2018-19,1
AR,2019-05-11,0,19,2018-19,1
AR,2019-05-18,0,20,2018-19,1
AR,2019-05-25,0,21,2018-19,1
AR,2019-06-01,0,22,2018-19,1
AR,2019-06-08,0,23,2018-19,1
AR,2019-06-15,0,24,2018-19,1
AR,2019-06-22,0,25,2018-19,1
AR,2019-06-29,0,26,2018-19,1
AR,2019-07-06,0,27,2018-19,1
AR,2019-07-13,0,28,2018-19,1
AR,2019-07-20,0,29,2018-19,1
AR,2019-07-27,0,30,2018-19,1
AR,2020-01-04,0,1,2019-20,1
AR,2020-01-11,0,2,2019-20,1
AR,2020-01-18,0,3,2019-20,1
AR,2020-01-25,0,4,2019-20,1
AR,2020-02-01,0,5,2019-20,1
AR,2020-02-08,0,6,2019-20,1
AR,2020-02-15,0,7,2019-20,1
AR,2020-02-22,0,8,2019-20,1
AR,2020-02-29,0,9,2019-20,1
AR,2020-03-07,0,10,2019-20,1
AR,2020-03-14,0,11,2019-20,1
AR,2020-03-21,0,12,2019-20,1
AR,2020-04-04,11,14,2019-20,1
AR,2020-04-11,14,15,2019-20,1
AR,2020-04-18,12,16,2019-20,1
AR,2020-04-25,14,17,2019-20,1
AR,2020-05-02,22,18,2019-20,1
AR,2020-05-09,24,19,2019-20,1
AR,2020-05-23,20,21,2019-20,1
AR,2020-05-30,19,22,2019-20,1
AR,2020-06-06,26,23,2019-20,1
AR,2020-06-13,34,24,2019-20,1
AR,2020-06-20,45,25,2019-20,1
AR,2020-06-27,46,26,2019-20,1
AR,2020-07-04,39,27,2019-20,1
AR,2020-07-11,35,28,2019-20,1
AR,2020-07-18,47,29,2019-20,1
AR,2020-07-25,38,30,2019-20,1
CA,2019-01-05,0,1,2018-19,1
CA,2019-01-12,0,2,2018-19,1
CA,2019-01-19,0,3,2018-19,1
CA,2019-01-26,0,4,2018-19,1
CA,2019-02-02,0,5,2018-19,1
CA,2019-02-09,0,6,2018-19,1
CA,2019-02-16,0,7,2018-19,1
CA,2019-02-23,0,8,2018-19,1
CA,2019-03-02,0,9,2018-19,1
CA,2019-03-09,0,10,2018-19,1
CA,2019-03-16,0,11,2018-19,1
CA,2019-03-23,0,12,2018-19,1
CA,2019-03-30,0,13,2018-19,1
CA,2019-04-06,0,14,2018-19,1
CA,2019-04-13,0,15,2018-19,1
CA,2019-04-20,0,16,2018-19,1
CA,2019-04-27,0,17,2018-19,1
CA,2019-05-04,0,18,2018-19,1
CA,2019-05-11,0,19,2018-19,1
CA,2019-05-18,0,20,2018-19,1
CA,2019-05-25,0,21,2018-19,1
CA,2019-06-01,0,22,2018-19,1
CA,2019-06-08,0,23,2018-19,1
CA,2019-06-15,0,24,2018-19,1
CA,2019-06-22,0,25,2018-19,1
CA,2019-06-29,0,26,2018-19,1
CA,2019-07-06,0,27,2018-19,1
CA,2019-07-13,0,28,2018-19,1
CA,2019-07-20,0,29,2018-19,1
CA,2019-07-27,0,30,2018-19,1
CA,2020-01-04,0,1,2019-20,1
CA,2020-01-11,0,2,2019-20,1
CA,2020-01-25,0,4,2019-20,1
CA,2020-02-01,0,5,2019-20,1
CA,2020-02-15,0,7,2019-20,1
CA,2020-02-29,0,9,2019-20,1
CA,2020-03-21,44,12,2019-20,1
CA,2020-03-28,130,13,2019-20,1
CA,2020-04-04,289,14,2019-20,1
CA,2020-04-11,380,15,2019-20,1
CA,2020-04-18,534,16,2019-20,1
CA,2020-04-25,526,17,2019-20,1
CA,2020-05-02,541,18,2019-20,1
CA,2020-05-09,550,19,2019-20,1
CA,2020-05-16,497,20,2019-20,1
CA,2020-05-23,483,21,2019-20,1
CA,2020-05-30,452,22,2019-20,1
CA,2020-06-06,441,23,2019-20,1
CA,2020-06-13,439,24,2019-20,1
CA,2020-06-20,444,25,2019-20,1
CA,2020-06-27,473,26,2019-20,1
CA,2020-07-04,594,27,2019-20,1
CA,2020-07-11,664,28,2019-20,1
CA,2020-07-18,708,29,2019-20,1
CA,2020-07-25,450,30,2019-20,1
CO,2019-01-05,0,1,2018-19,1
CO,2019-01-12,0,2,2018-19,1
CO,2019-01-19,0,3,2018-19,1
CO,2019-01-26,0,4,2018-19,1
CO,2019-02-02,0,5,2018-19,1
CO,2019-02-09,0,6,2018-19,1
CO,2019-02-16,0,7,2018-19,1
CO,2019-02-23,0,8,2018-19,1
CO,2019-03-02,0,9,2018-19,1
CO,2019-03-09,0,10,2018-19,1
CO,2019-03-16,0,11,2018-19,1
CO,2019-03-23,0,12,2018-19,1
CO,2019-03-30,0,13,2018-19,1
CO,2019-04-06,0,14,2018-19,1
CO,2019-04-13,0,15,2018-19,1
CO,2019-04-20,0,16,2018-19,1
CO,2019-04-27,0,17,2018-19,1
CO,2019-05-04,0,18,2018-19,1
CO,2019-05-11,0,19,2018-19,1
CO,2019-05-18,0,20,2018-19,1
CO,2019-05-25,0,21,2018-19,1
CO,2019-06-01,0,22,2018-19,1
CO,2019-06-08,0,23,2018-19,1
CO,2019-06-15,0,24,2018-19,1
CO,2019-06-22,0,25,2018-19,1
CO,2019-06-29,0,26,2018-19,1
CO,2019-07-06,0,27,2018-19,1
CO,2019-07-13,0,28,2018-19,1
CO,2019-07-20,0,29,2018-19,1
CO,2019-07-27,0,30,2018-19,1
CO,2020-01-04,0,1,2019-20,1
CO,2020-01-11,0,2,2019-20,1
CO,2020-01-18,0,3,2019-20,1
CO,2020-01-25,0,4,2019-20,1
CO,2020-02-01,0,5,2019-20,1
CO,2020-02-08,0,6,2019-20,1
CO,2020-02-15,0,7,2019-20,1
CO,2020-02-22,0,8,2019-20,1
CO,2020-02-29,0,9,2019-20,1
CO,2020-03-07,0,10,2019-20,1
CO,2020-03-21,16,12,2019-20,1
CO,2020-03-28,46,13,2019-20,1
CO,2020-04-04,130,14,2019-20,1
CO,2020-04-11,214,15,2019-20,1
CO,2020-04-18,215,16,2019-20,1
CO,2020-04-25,222,17,2019-20,1
CO,2020-05-02,186,18,2019-20,1
CO,2020-05-09,138,19,2019-20,1
CO,2020-05-16,96,20,2019-20,1
CO,2020-05-23,93,21,2019-20,1
CO,2020-05-30,75,22,2019-20,1
CO,2020-06-06,63,23,2019-20,1
CO,2020-06-13,59,24,2019-20,1
CO,2020-06-20,36,25,2019-20,1
CO,2020-06-27,20,26,2019-20,1
CO,2020-07-04,22,27,2019-20,1
CO,2020-07-11,26,28,2019-20,1
CO,2020-07-18,37,29,2019-20,1
CO,2020-07-25,21,30,2019-20,1
CT,2019-01-05,0,1,2018-19,1
CT,2019-01-12,0,2,2018-19,1
CT,2019-01-19,0,3,2018-19,1
CT,2019-01-26,0,4,2018-19,1
CT,2019-02-02,0,5,2018-19,1
CT,2019-02-09,0,6,2018-19,1
CT,2019-02-16,0,7,2018-19,1
CT,2019-02-23,0,8,2018-19,1
CT,2019-03-02,0,9,2018-19,1
CT,2019-03-09,0,10,2018-19,1
CT,2019-03-16,0,11,2018-19,1
CT,2019-03-23,0,12,2018-19,1
CT,2019-03-30,0,13,2018-19,1
CT,2019-04-06,0,14,2018-19,1
CT,2019-04-13,0,15,2018-19,1
CT,2019-04-20,0,16,2018-19,1
CT,2019-04-27,0,17,2018-19,1
CT,2019-05-04,0,18,2018-19,1
CT,2019-05-11,0,19,2018-19,1
CT,2019-05-18,0,20,2018-19,1
CT,2019-05-25,0,21,2018-19,1
CT,2019-06-01,0,22,2018-19,1
CT,2019-06-08,0,23,2018-19,1
CT,2019-06-15,0,24,2018-19,1
CT,2019-06-22,0,25,2018-19,1
CT,2019-06-29,0,26,2018-19,1
CT,2019-07-06,0,27,2018-19,1
CT,2019-07-13,0,28,2018-19,1
CT,2019-07-20,0,29,2018-19,1
CT,2019-07-27,0,30,2018-19,1
CT,2020-01-04,0,1,2019-20,1
CT,2020-01-11,0,2,2019-20,1
CT,2020-01-18,0,3,2019-20,1
CT,2020-01-25,0,4,2019-20,1
CT,2020-02-01,0,5,2019-20,1
CT,2020-02-08,0,6,2019-20,1
CT,2020-02-15,0,7,2019-20,1
CT,2020-02-22,0,8,2019-20,1
CT,2020-02-29,0,9,2019-20,1
CT,2020-03-07,0,10,2019-20,1
CT,2020-03-14,0,11,2019-20,1
CT,2020-03-21,10,12,2019-20,1
CT,2020-03-28,47,13,2019-20,1
CT,2020-04-04,190,14,2019-20,1
CT,2020-04-11,482,15,2019-20,1
CT,2020-04-18,651,16,2019-20,1
CT,2020-04-25,652,17,2019-20,1
CT,2020-05-02,543,18,2019-20,1
CT,2020-05-09,440,19,2019-20,1
CT,2020-05-16,371,20,2019-20,1
CT,2020-05-23,263,21,2019-20,1
CT,2020-05-30,198,22,2019-20,1
CT,2020-06-06,102,23,2019-20,1
CT,2020-06-13,71,24,2019-20,1
CT,2020-06-20,36,25,2019-20,1
CT,2020-06-27,30,26,2019-20,1
CT,2020-07-11,0,28,2019-20,1
CT,2020-07-18,0,29,2019-20,1
CT,2020-07-25,0,30,2019-20,1
DE,2019-01-05,0,1,2018-19,1
DE,2019-01-12,0,2,2018-19,1
DE,2019-01-19,0,3,2018-19,1
DE,2019-01-26,0,4,2018-19,1
DE,2019-02-02,0,5,2018-19,1
DE,2019-02-09,0,6,2018-19,1
DE,2019-02-16,0,7,2018-19,1
DE,2019-02-23,0,8,2018-19,1
DE,2019-03-02,0,9,2018-19,1
DE,2019-03-09,0,10,2018-19,1
DE,2019-03-16,0,11,2018-19,1
DE,2019-03-23,0,12,2018-19,1
DE,2019-03-30,0,13,2018-19,1
DE,2019-04-06,0,14,2018-19,1
DE,2019-04-13,0,15,2018-19,1
DE,2019-04-20,0,16,2018-19,1
DE,2019-04-27,0,17,2018-19,1
DE,2019-05-04,0,18,2018-19,1
DE,2019-05-11,0,19,2018-19,1
DE,2019-05-18,0,20,2018-19,1
DE,2019-05-25,0,21,2018-19,1
DE,2019-06-01,0,22,2018-19,1
DE,2019-06-08,0,23,2018-19,1
DE,2019-06-15,0,24,2018-19,1
DE,2019-06-22,0,25,2018-19,1
DE,2019-06-29,0,26,2018-19,1
DE,2019-07-06,0,27,2018-19,1
DE,2019-07-13,0,28,2018-19,1
DE,2019-07-20,0,29,2018-19,1
DE,2019-07-27,0,30,2018-19,1
DE,2020-01-04,0,1,2019-20,1
DE,2020-01-11,0,2,2019-20,1
DE,2020-01-18,0,3,2019-20,1
DE,2020-01-25,0,4,2019-20,1
DE,2020-02-01,0,5,2019-20,1
DE,2020-02-08,0,6,2019-20,1
DE,2020-02-15,0,7,2019-20,1
DE,2020-02-22,0,8,2019-20,1
DE,2020-02-29,0,9,2019-20,1
DE,2020-03-07,0,10,2019-20,1
DE,2020-03-14,0,11,2019-20,1
DE,2020-03-21,0,12,2019-20,1
DE,2020-04-11,24,15,2019-20,1
DE,2020-04-18,39,16,2019-20,1
DE,2020-04-25,64,17,2019-20,1
DE,2020-05-02,74,18,2019-20,1
DE,2020-05-09,64,19,2019-20,1
DE,2020-05-16,75,20,2019-20,1
DE,2020-05-23,49,21,2019-20,1
DE,2020-05-30,49,22,2019-20,1
DE,2020-06-06,23,23,2019-20,1
DE,2020-06-13,20,24,2019-20,1
DC,2019-01-05,0,1,2018-19,1
DC,2019-01-12,0,2,2018-19,1
DC,2019-01-19,0,3,2018-19,1
DC,2019-01-26,0,4,2018-19,1
DC,2019-02-02,0,5,2018-19,1
DC,2019-02-09,0,6,2018-19,1
DC,2019-02-16,0,7,2018-19,1
DC,2019-02-23,0,8,2018-19,1
DC,2019-03-02,0,9,2018-19,1
DC,2019-03-09,0,10,2018-19,1
DC,2019-03-16,0,11,2018-19,1
DC,2019-03-23,0,12,2018-19,1
DC,2019-03-30,0,13,2018-19,1
DC,2019-04-06,0,14,2018-19,1
DC,2019-04-13,0,15,2018-19,1
DC,2019-04-20,0,16,2018-19,1
DC,2019-04-27,0,17,2018-19,1
DC,2019-05-04,0,18,2018-19,1
DC,2019-05-11,0,19,2018-19,1
DC,2019-05-18,0,20,2018-19,1
DC,2019-05-25,0,21,2018-19,1
DC,2019-06-01,0,22,2018-19,1
DC,2019-06-08,0,23,2018-19,1
DC,2019-06-15,0,24,2018-19,1
DC,2019-06-22,0,25,2018-19,1
DC,2019-06-29,0,26,2018-19,1
DC,2019-07-06,0,27,2018-19,1
DC,2019-07-13,0,28,2018-19,1
DC,2019-07-20,0,29,2018-19,1
DC,2019-07-27,0,30,2018-19,1
DC,2020-01-04,0,1,2019-20,1
DC,2020-01-11,0,2,2019-20,1
DC,2020-01-18,0,3,2019-20,1
DC,2020-01-25,0,4,2019-20,1
DC,2020-02-01,0,5,2019-20,1
DC,2020-02-08,0,6,2019-20,1
DC,2020-02-15,0,7,2019-20,1
DC,2020-02-22,0,8,2019-20,1
DC,2020-02-29,0,9,2019-20,1
DC,2020-03-07,0,10,2019-20,1
DC,2020-03-14,0,11,2019-20,1
DC,2020-04-04,25,14,2019-20,1
DC,2020-04-11,37,15,2019-20,1
DC,2020-04-18,59,16,2019-20,1
DC,2020-04-25,89,17,2019-20,1
DC,2020-05-02,75,18,2019-20,1
DC,2020-05-09,85,19,2019-20,1
DC,2020-05-16,65,20,2019-20,1
DC,2020-05-23,46,21,2019-20,1
DC,2020-05-30,42,22,2019-20,1
DC,2020-06-06,37,23,2019-20,1
DC,2020-06-13,30,24,2019-20,1
DC,2020-06-20,26,25,2019-20,1
DC,2020-06-27,18,26,2019-20,1
DC,2020-07-04,13,27,2019-20,1
FL,2019-01-05,0,1,2018-19,1
FL,2019-01-12,0,2,2018-19,1
FL,2019-01-19,0,3,2018-19,1
FL,2019-01-26,0,4,2018-19,1
FL,2019-02-02,0,5,2018-19,1
FL,2019-02-09,0,6,2018-19,1
FL,2019-02-16,0,7,2018-19,1
FL,2019-02-23,0,8,2018-19,1
FL,2019-03-02,0,9,2018-19,1
FL,2019-03-09,0,10,2018-19,1
FL,2019-03-16,0,11,2018-19,1
FL,2019-03-23,0,12,2018-19,1
FL,2019-03-30,0,13,2018-19,1
FL,2019-04-06,0,14,2018-19,1
FL,2019-04-13,0,15,2018-19,1
FL,2019-04-20,0,16,2018-19,1
FL,2019-04-27,0,17,2018-19,1
FL,2019-05-04,0,18,2018-19,1
FL,2019-05-11,0,19,2018-19,1
FL,2019-05-18,0,20,2018-19,1
FL,2019-05-25,0,21,2018-19,1
FL,2019-06-01,0,22,2018-19,1
FL,2019-06-08,0,23,2018-19,1
FL,2019-06-15,0,24,2018-19,1
FL,2019-06-22,0,25,2018-19,1
FL,2019-06-29,0,26,2018-19,1
FL,2019-07-06,0,27,2018-19,1
FL,2019-07-13,0,28,2018-19,1
FL,2019-07-20,0,29,2018-19,1
FL,2019-07-27,0,30,2018-19,1
FL,2020-01-04,0,1,2019-20,1
FL,2020-01-11,0,2,2019-20,1
FL,2020-01-18,0,3,2019-20,1
FL,2020-01-25,0,4,2019-20,1
FL,2020-02-01,0,5,2019-20,1
FL,2020-02-08,0,6,2019-20,1
FL,2020-02-15,0,7,2019-20,1
FL,2020-02-22,0,8,2019-20,1
FL,2020-02-29,0,9,2019-20,1
FL,2020-03-21,17,12,2019-20,1
FL,2020-03-28,92,13,2019-20,1
FL,2020-04-04,217,14,2019-20,1
FL,2020-04-11,302,15,2019-20,1
FL,2020-04-18,309,16,2019-20,1
FL,2020-04-25,321,17,2019-20,1
FL,2020-05-02,306,18,2019-20,1
FL,2020-05-09,289,19,2019-20,1
FL,2020-05-16,257,20,2019-20,1
FL,2020-05-23,231,21,2019-20,1
FL,2020-05-30,229,22,2019-20,1
FL,2020-06-06,217,23,2019-20,1
FL,2020-06-13,190,24,2019-20,1
FL,2020-06-20,211,25,2019-20,1
FL,2020-06-27,306,26,2019-20,1
FL,2020-07-04,424,27,2019-20,1
FL,2020-07-11,668,28,2019-20,1
FL,2020-07-18,806,29,2019-20,1
FL,2020-07-25,493,30,2019-20,1
GA,2019-01-05,0,1,2018-19,1
GA,2019-01-12,0,2,2018-19,1
GA,2019-01-19,0,3,2018-19,1
GA,2019-01-26,0,4,2018-19,1
GA,2019-02-02,0,5,2018-19,1
GA,2019-02-09,0,6,2018-19,1
GA,2019-02-16,0,7,2018-19,1
GA,2019-02-23,0,8,2018-19,1
GA,2019-03-02,0,9,2018-19,1
GA,2019-03-09,0,10,2018-19,1
GA,2019-03-16,0,11,2018-19,1
GA,2019-03-23,0,12,2018-19,1
GA,2019-03-30,0,13,2018-19,1
GA,2019-04-06,0,14,2018-19,1
GA,2019-04-13,0,15,2018-19,1
GA,2019-04-20,0,16,2018-19,1
GA,2019-04-27,0,17,2018-19,1
GA,2019-05-04,0,18,2018-19,1
GA,2019-05-11,0,19,2018-19,1
GA,2019-05-18,0,20,2018-19,1
GA,2019-05-25,0,21,2018-19,1
GA,2019-06-01,0,22,2018-19,1
GA,2019-06-08,0,23,2018-19,1
GA,2019-06-15,0,24,2018-19,1
GA,2019-06-22,0,25,2018-19,1
GA,2019-06-29,0,26,2018-19,1
GA,2019-07-06,0,27,2018-19,1
GA,2019-07-13,0,28,2018-19,1
GA,2019-07-20,0,29,2018-19,1
GA,2019-07-27,0,30,2018-19,1
GA,2020-01-04,0,1,2019-20,1
GA,2020-01-11,0,2,2019-20,1
GA,2020-01-18,0,3,2019-20,1
GA,2020-01-25,0,4,2019-20,1
GA,2020-02-01,0,5,2019-20,1
GA,2020-02-08,0,6,2019-20,1
GA,2020-02-15,0,7,2019-20,1
GA,2020-02-22,0,8,2019-20,1
GA,2020-02-29,0,9,2019-20,1
GA,2020-03-21,40,12,2019-20,1
GA,2020-03-28,96,13,2019-20,1
GA,2020-04-04,207,14,2019-20,1
GA,2020-04-11,213,15,2019-20,1
GA,2020-04-18,260,16,2019-20,1
GA,2020-04-25,253,17,2019-20,1
GA,2020-05-02,263,18,2019-20,1
GA,2020-05-09,201,19,2019-20,1
GA,2020-05-16,189,20,2019-20,1
GA,2020-05-23,145,21,2019-20,1
GA,2020-05-30,138,22,2019-20,1
GA,2020-06-06,111,23,2019-20,1
GA,2020-06-13,110,24,2019-20,1
GA,2020-06-20,89,25,2019-20,1
GA,2020-06-27,115,26,2019-20,1
GA,2020-07-04,118,27,2019-20,1
GA,2020-07-11,141,28,2019-20,1
GA,2020-07-18,143,29,2019-20,1
GA,2020-07-25,81,30,2019-20,1
HI,2019-01-05,0,1,2018-19,1
HI,2019-01-12,0,2,2018-19,1
HI,2019-01-19,0,3,2018-19,1
HI,2019-01-26,0,4,2018-19,1
HI,2019-02-02,0,5,2018-19,1
HI,2019-02-09,0,6,2018-19,1
HI,2019-02-16,0,7,2018-19,1
HI,2019-02-23,0,8,2018-19,1
HI,2019-03-02,0,9,2018-19,1
HI,2019-03-09,0,10,2018-19,1
HI,2019-03-16,0,11,2018-19,1
HI,2019-03-23,0,12,2018-19,1
HI,2019-03-30,0,13,2018-19,1
HI,2019-04-06,0,14,2018-19,1
HI,2019-04-13,0,15,2018-19,1
HI,2019-04-20,0,16,2018-19,1
HI,2019-04-27,0,17,2018-19,1
HI,2019-05-04,0,18,2018-19,1
HI,2019-05-11,0,19,2018-19,1
HI,2019-05-18,0,20,2018-19,1
HI,2019-05-25,0,21,2018-19,1
HI,2019-06-01,0,22,2018-19,1
HI,2019-06-08,0,23,2018-19,1
HI,2019-06-15,0,24,2018-19,1
HI,2019-06-22,0,25,2018-19,1
HI,2019-06-29,0,26,2018-19,1
HI,2019-07-06,0,27,2018-19,1
HI,2019-07-13,0,28,2018-19,1
HI,2019-07-20,0,29,2018-19,1
HI,2019-07-27,0,30,2018-19,1
HI,2020-01-04,0,1,2019-20,1
HI,2020-01-11,0,2,2019-20,1
HI,2020-01-18,0,3,2019-20,1
HI,2020-01-25,0,4,2019-20,1
HI,2020-02-01,0,5,2019-20,1
HI,2020-02-08,0,6,2019-20,1
HI,2020-02-15,0,7,2019-20,1
HI,2020-02-22,0,8,2019-20,1
HI,2020-02-29,0,9,2019-20,1
HI,2020-03-07,0,10,2019-20,1
HI,2020-03-14,0,11,2019-20,1
HI,2020-03-21,0,12,2019-20,1
HI,2020-03-28,0,13,2019-20,1
HI,2020-05-09,0,19,2019-20,1
HI,2020-05-16,0,20,2019-20,1
HI,2020-05-23,0,21,2019-20,1
HI,2020-05-30,0,22,2019-20,1
HI,2020-06-06,0,23,2019-20,1
HI,2020-06-13,0,24,2019-20,1
HI,2020-06-20,0,25,2019-20,1
HI,2020-07-25,0,30,2019-20,1
ID,2019-01-05,0,1,2018-19,1
ID,2019-01-12,0,2,2018-19,1
ID,2019-01-19,0,3,2018-19,1
ID,2019-01-26,0,4,2018-19,1
ID,2019-02-02,0,5,2018-19,1
ID,2019-02-09,0,6,2018-19,1
ID,2019-02-16,0,7,2018-19,1
ID,2019-02-23,0,8,2018-19,1
ID,2019-03-02,0,9,2018-19,1
ID,2019-03-09,0,10,2018-19,1
ID,2019-03-16,0,11,2018-19,1
ID,2019-03-23,0,12,2018-19,1
ID,2019-03-30,0,13,2018-19,1
ID,2019-04-06,0,14,2018-19,1
ID,2019-04-13,0,15,2018-19,1
ID,2019-04-20,0,16,2018-19,1
ID,2019-04-27,0,17,2018-19,1
ID,2019-05-04,0,18,2018-19,1
ID,2019-05-11,0,19,2018-19,1
ID,2019-05-18,0,20,2018-19,1
ID,2019-05-25,0,21,2018-19,1
ID,2019-06-01,0,22,2018-19,1
ID,2019-06-08,0,23,2018-19,1
ID,2019-06-15,0,24,2018-19,1
ID,2019-06-22,0,25,2018-19,1
ID,2019-06-29,0,26,2018-19,1
ID,2019-07-06,0,27,2018-19,1
ID,2019-07-13,0,28,2018-19,1
ID,2019-07-20,0,29,2018-19,1
ID,2019-07-27,0,30,2018-19,1
ID,2020-01-04,0,1,2019-20,1
ID,2020-01-11,0,2,2019-20,1
ID,2020-01-18,0,3,2019-20,1
ID,2020-01-25,0,4,2019-20,1
ID,2020-02-01,0,5,2019-20,1
ID,2020-02-08,0,6,2019-20,1
ID,2020-02-15,0,7,2019-20,1
ID,2020-02-22,0,8,2019-20,1
ID,2020-02-29,0,9,2019-20,1
ID,2020-03-07,0,10,2019-20,1
ID,2020-03-14,0,11,2019-20,1
ID,2020-03-21,0,12,2019-20,1
ID,2020-04-11,22,15,2019-20,1
ID,2020-04-18,12,16,2019-20,1
ID,2020-04-25,12,17,2019-20,1
ID,2020-06-20,0,25,2019-20,1
ID,2020-07-11,14,28,2019-20,1
ID,2020-07-18,25,29,2019-20,1
ID,2020-07-25,32,30,2019-20,1
IL,2019-01-05,0,1,2018-19,1
IL,2019-01-12,0,2,2018-19,1
IL,2019-01-19,0,3,2018-19,1
IL,2019-01-26,0,4,2018-19,1
IL,2019-02-02,0,5,2018-19,1
IL,2019-02-09,0,6,2018-19,1
IL,2019-02-16,0,7,2018-19,1
IL,2019-02-23,0,8,2018-19,1
IL,2019-03-02,0,9,2018-19,1
IL,2019-03-09,0,10,2018-19,1
IL,2019-03-16,0,11,2018-19,1
IL,2019-03-23,0,12,2018-19,1
IL,2019-03-30,0,13,2018-19,1
IL,2019-04-06,0,14,2018-19,1
IL,2019-04-13,0,15,2018-19,1
IL,2019-04-20,0,16,2018-19,1
IL,2019-04-27,0,17,2018-19,1
IL,2019-05-04,0,18,2018-19,1
IL,2019-05-11,0,19,2018-19,1
IL,2019-05-18,0,20,2018-19,1
IL,2019-05-25,0,21,2018-19,1
IL,2019-06-01,0,22,2018-19,1
IL,2019-06-08,0,23,2018-19,1
IL,2019-06-15,0,24,2018-19,1
IL,2019-06-22,0,25,2018-19,1
IL,2019-06-29,0,26,2018-19,1
IL,2019-07-06,0,27,2018-19,1
IL,2019-07-13,0,28,2018-19,1
IL,2019-07-20,0,29,2018-19,1
IL,2019-07-27,0,30,2018-19,1
IL,2020-01-11,0,2,2019-20,1
IL,2020-01-25,0,4,2019-20,1
IL,2020-02-01,0,5,2019-20,1
IL,2020-02-08,0,6,2019-20,1
IL,2020-02-15,0,7,2019-20,1
IL,2020-02-22,0,8,2019-20,1
IL,2020-02-29,0,9,2019-20,1
IL,2020-03-07,0,10,2019-20,1
IL,2020-03-21,14,12,2019-20,1
IL,2020-03-28,73,13,2019-20,1
IL,2020-04-04,295,14,2019-20,1
IL,2020-04-11,470,15,2019-20,1
IL,2020-04-18,588,16,2019-20,1
IL,2020-04-25,676,17,2019-20,1
IL,2020-05-02,737,18,2019-20,1
IL,2020-05-09,782,19,2019-20,1
IL,2020-05-16,692,20,2019-20,1
IL,2020-05-23,565,21,2019-20,1
IL,2020-05-30,466,22,2019-20,1
IL,2020-06-06,420,23,2019-20,1
IL,2020-06-13,312,24,2019-20,1
IL,2020-06-20,258,25,2019-20,1
IL,2020-06-27,148,26,2019-20,1
IL,2020-07-04,136,27,2019-20,1
IL,2020-07-11,101,28,2019-20,1
IL,2020-07-18,71,29,2019-20,1
IL,2020-07-25,23,30,2019-20,1
IN,2019-01-05,0,1,2018-19,1
IN,2019-01-12,0,2,2018-19,1
IN,2019-01-19,0,3,2018-19,1
IN,2019-01-26,0,4,2018-19,1
IN,2019-02-02,0,5,2018-19,1
IN,2019-02-09,0,6,2018-19,1
IN,2019-02-16,0,7,2018-19,1
IN,2019-02-23,0,8,2018-19,1
IN,2019-03-02,0,9,2018-19,1
IN,2019-03-09,0,10,2018-19,1
IN,2019-03-16,0,11,2018-19,1
IN,2019-03-23,0,12,2018-19,1
IN,2019-03-30,0,13,2018-19,1
IN,2019-04-06,0,14,2018-19,1
IN,2019-04-13,0,15,2018-19,1
IN,2019-04-20,0,16,2018-19,1
IN,2019-04-27,0,17,2018-19,1
IN,2019-05-04,0,18,2018-19,1
IN,2019-05-11,0,19,2018-19,1
IN,2019-05-18,0,20,2018-19,1
IN,2019-05-25,0,21,2018-19,1
IN,2019-06-01,0,22,2018-19,1
IN,2019-06-08,0,23,2018-19,1
IN,2019-06-15,0,24,2018-19,1
IN,2019-06-22,0,25,2018-19,1
IN,2019-06-29,0,26,2018-19,1
IN,2019-07-06,0,27,2018-19,1
IN,2019-07-13,0,28,2018-19,1
IN,2019-07-20,0,29,2018-19,1
IN,2019-07-27,0,30,2018-19,1
IN,2020-01-04,0,1,2019-20,1
IN,2020-01-11,0,2,2019-20,1
IN,2020-01-18,0,3,2019-20,1
IN,2020-01-25,0,4,2019-20,1
IN,2020-02-01,0,5,2019-20,1
IN,2020-02-08,0,6,2019-20,1
IN,2020-02-15,0,7,2019-20,1
IN,2020-02-22,0,8,2019-20,1
IN,2020-02-29,0,9,2019-20,1
IN,2020-03-07,0,10,2019-20,1
IN,2020-03-21,15,12,2019-20,1
IN,2020-03-28,51,13,2019-20,1
IN,2020-04-04,156,14,2019-20,1
IN,2020-04-11,235,15,2019-20,1
IN,2020-04-18,272,16,2019-20,1
IN,2020-04-25,306,17,2019-20,1
IN,2020-05-02,293,18,2019-20,1
IN,2020-05-09,263,19,2019-20,1
IN,2020-05-16,255,20,2019-20,1
IN,2020-05-23,193,21,2019-20,1
IN,2020-05-30,145,22,2019-20,1
IN,2020-06-06,137,23,2019-20,1
IN,2020-06-13,125,24,2019-20,1
IN,2020-06-20,107,25,2019-20,1
IN,2020-06-27,74,26,2019-20,1
IN,2020-07-04,60,27,2019-20,1
IN,2020-07-11,73,28,2019-20,1
IN,2020-07-18,51,29,2019-20,1
IN,2020-07-25,20,30,2019-20,1
IA,2019-01-05,0,1,2018-19,1
IA,2019-01-12,0,2,2018-19,1
IA,2019-01-19,0,3,2018-19,1
IA,2019-01-26,0,4,2018-19,1
IA,2019-02-02,0,5,2018-19,1
IA,2019-02-09,0,6,2018-19,1
IA,2019-02-16,0,7,2018-19,1
IA,2019-02-23,0,8,2018-19,1
IA,2019-03-02,0,9,2018-19,1
IA,2019-03-09,0,10,2018-19,1
IA,2019-03-16,0,11,2018-19,1
IA,2019-03-23,0,12,2018-19,1
IA,2019-03-30,0,13,2018-19,1
IA,2019-04-06,0,14,2018-19,1
IA,2019-04-13,0,15,2018-19,1
IA,2019-04-20,0,16,2018-19,1
IA,2019-04-27,0,17,2018-19,1
IA,2019-05-04,0,18,2018-19,1
IA,2019-05-11,0,19,2018-19,1
IA,2019-05-18,0,20,2018-19,1
IA,2019-05-25,0,21,2018-19,1
IA,2019-06-01,0,22,2018-19,1
IA,2019-06-08,0,23,2018-19,1
IA,2019-06-15,0,24,2018-19,1
IA,2019-06-22,0,25,2018-19,1
IA,2019-06-29,0,26,2018-19,1
IA,2019-07-06,0,27,2018-19,1
IA,2019-07-13,0,28,2018-19,1
IA,2019-07-20,0,29,2018-19,1
IA,2019-07-27,0,30,2018-19,1
IA,2020-01-04,0,1,2019-20,1
IA,2020-01-11,0,2,2019-20,1
IA,2020-01-18,0,3,2019-20,1
IA,2020-01-25,0,4,2019-20,1
IA,2020-02-01,0,5,2019-20,1
IA,2020-02-08,0,6,2019-20,1
IA,2020-02-15,0,7,2019-20,1
IA,2020-02-22,0,8,2019-20,1
IA,2020-02-29,0,9,2019-20,1
IA,2020-03-07,0,10,2019-20,1
IA,2020-03-14,0,11,2019-20,1
IA,2020-03-21,0,12,2019-20,1
IA,2020-04-04,17,14,2019-20,1
IA,2020-04-11,21,15,2019-20,1
IA,2020-04-18,36,16,2019-20,1
IA,2020-04-25,52,17,2019-20,1
IA,2020-05-02,69,18,2019-20,1
IA,2020-05-09,91,19,2019-20,1
IA,2020-05-16,101,20,2019-20,1
IA,2020-05-23,101,21,2019-20,1
IA,2020-05-30,91,22,2019-20,1
IA,2020-06-06,67,23,2019-20,1
IA,2020-06-13,39,24,2019-20,1
IA,2020-06-20,32,25,2019-20,1
IA,2020-06-27,20,26,2019-20,1
IA,2020-07-04,19,27,2019-20,1
IA,2020-07-11,24,28,2019-20,1
IA,2020-07-18,35,29,2019-20,1
IA,2020-07-25,23,30,2019-20,1
KS,2019-01-05,0,1,2018-19,1
KS,2019-01-12,0,2,2018-19,1
KS,2019-01-19,0,3,2018-19,1
KS,2019-01-26,0,4,2018-19,1
KS,2019-02-02,0,5,2018-19,1
KS,2019-02-09,0,6,2018-19,1
KS,2019-02-16,0,7,2018-19,1
KS,2019-02-23,0,8,2018-19,1
KS,2019-03-02,0,9,2018-19,1
KS,2019-03-09,0,10,2018-19,1
KS,2019-03-16,0,11,2018-19,1
KS,2019-03-23,0,12,2018-19,1
KS,2019-03-30,0,13,2018-19,1
KS,2019-04-06,0,14,2018-19,1
KS,2019-04-13,0,15,2018-19,1
KS,2019-04-20,0,16,2018-19,1
KS,2019-04-27,0,17,2018-19,1
KS,2019-05-04,0,18,2018-19,1
KS,2019-05-11,0,19,2018-19,1
KS,2019-05-18,0,20,2018-19,1
KS,2019-05-25,0,21,2018-19,1
KS,2019-06-01,0,22,2018-19,1
KS,2019-06-08,0,23,2018-19,1
KS,2019-06-15,0,24,2018-19,1
KS,2019-06-22,0,25,2018-19,1
KS,2019-06-29,0,26,2018-19,1
KS,2019-07-06,0,27,2018-19,1
KS,2019-07-13,0,28,2018-19,1
KS,2019-07-20,0,29,2018-19,1
KS,2019-07-27,0,30,2018-19,1
KS,2020-01-04,0,1,2019-20,1
KS,2020-01-11,0,2,2019-20,1
KS,2020-01-18,0,3,2019-20,1
KS,2020-01-25,0,4,2019-20,1
KS,2020-02-01,0,5,2019-20,1
KS,2020-02-08,0,6,2019-20,1
KS,2020-02-15,0,7,2019-20,1
KS,2020-02-22,0,8,2019-20,1
KS,2020-02-29,0,9,2019-20,1
KS,2020-03-07,0,10,2019-20,1
KS,2020-04-04,21,14,2019-20,1
KS,2020-04-11,35,15,2019-20,1
KS,2020-04-18,40,16,2019-20,1
KS,2020-04-25,22,17,2019-20,1
KS,2020-05-02,24,18,2019-20,1
KS,2020-05-09,32,19,2019-20,1
KS,2020-05-16,28,20,2019-20,1
KS,2020-05-30,13,22,2019-20,1
KS,2020-06-06,16,23,2019-20,1
KS,2020-06-20,19,25,2019-20,1
KS,2020-06-27,15,26,2019-20,1
KS,2020-07-04,12,27,2019-20,1
KS,2020-07-11,11,28,2019-20,1
KS,2020-07-18,16,29,2019-20,1
KS,2020-07-25,16,30,2019-20,1
KY,2019-01-05,0,1,2018-19,1
KY,2019-01-12,0,2,2018-19,1
KY,2019-01-19,0,3,2018-19,1
KY,2019-01-26,0,4,2018-19,1
KY,2019-02-02,0,5,2018-19,1
KY,2019-02-09,0,6,2018-19,1
KY,2019-02-16,0,7,2018-19,1
KY,2019-02-23,0,8,2018-19,1
KY,2019-03-02,0,9,2018-19,1
KY,2019-03-09,0,10,2018-19,1
KY,2019-03-16,0,11,2018-19,1
KY,2019-03-23,0,12,2018-19,1
KY,2019-03-30,0,13,2018-19,1
KY,2019-04-06,0,14,2018-19,1
KY,2019-04-13,0,15,2018-19,1
KY,2019-04-20,0,16,2018-19,1
KY,2019-04-27,0,17,2018-19,1
KY,2019-05-04,0,18,2018-19,1
KY,2019-05-11,0,19,2018-19,1
KY,2019-05-18,0,20,2018-19,1
KY,2019-05-25,0,21,2018-19,1
KY,2019-06-01,0,22,2018-19,1
KY,2019-06-08,0,23,2018-19,1
KY,2019-06-15,0,24,2018-19,1
KY,2019-06-22,0,25,2018-19,1
KY,2019-06-29,0,26,2018-19,1
KY,2019-07-06,0,27,2018-19,1
KY,2019-07-13,0,28,2018-19,1
KY,2019-07-20,0,29,2018-19,1
KY,2019-07-27,0,30,2018-19,1
KY,2020-01-04,0,1,2019-20,1
KY,2020-01-11,0,2,2019-20,1
KY,2020-01-18,0,3,2019-20,1
KY,2020-01-25,0,4,2019-20,1
KY,2020-02-01,0,5,2019-20,1
KY,2020-02-08,0,6,2019-20,1
KY,2020-02-15,0,7,2019-20,1
KY,2020-02-22,0,8,2019-20,1
KY,2020-02-29,0,9,2019-20,1
KY,2020-03-07,0,10,2019-20,1
KY,2020-03-14,0,11,2019-20,1
KY,2020-04-04,47,14,2019-20,1
KY,2020-04-11,53,15,2019-20,1
KY,2020-04-18,59,16,2019-20,1
KY,2020-04-25,70,17,2019-20,1
KY,2020-05-02,47,18,2019-20,1
KY,2020-05-09,58,19,2019-20,1
KY,2020-05-16,50,20,2019-20,1
KY,2020-05-23,47,21,2019-20,1
KY,2020-05-30,44,22,2019-20,1
KY,2020-06-06,38,23,2019-20,1
KY,2020-06-13,41,24,2019-20,1
KY,2020-06-20,25,25,2019-20,1
KY,2020-06-27,34,26,2019-20,1
KY,2020-07-04,29,27,2019-20,1
KY,2020-07-11,27,28,2019-20,1
KY,2020-07-18,18,29,2019-20,1
LA,2019-01-05,0,1,2018-19,1
LA,2019-01-12,0,2,2018-19,1
LA,2019-01-19,0,3,2018-19,1
LA,2019-01-26,0,4,2018-19,1
LA,2019-02-02,0,5,2018-19,1
LA,2019-02-09,0,6,2018-19,1
LA,2019-02-16,0,7,2018-19,1
LA,2019-02-23,0,8,2018-19,1
LA,2019-03-02,0,9,2018-19,1
LA,2019-03-09,0,10,2018-19,1
LA,2019-03-16,0,11,2018-19,1
LA,2019-03-23,0,12,2018-19,1
LA,2019-03-30,0,13,2018-19,1
LA,2019-04-06,0,14,2018-19,1
LA,2019-04-13,0,15,2018-19,1
LA,2019-04-20,0,16,2018-19,1
LA,2019-04-27,0,17,2018-19,1
LA,2019-05-04,0,18,2018-19,1
LA,2019-05-11,0,19,2018-19,1
LA,2019-05-18,0,20,2018-19,1
LA,2019-05-25,0,21,2018-19,1
LA,2019-06-01,0,22,2018-19,1
LA,2019-06-08,0,23,2018-19,1
LA,2019-06-15,0,24,2018-19,1
LA,2019-06-22,0,25,2018-19,1
LA,2019-06-29,0,26,2018-19,1
LA,2019-07-06,0,27,2018-19,1
LA,2019-07-13,0,28,2018-19,1
LA,2019-07-20,0,29,2018-19,1
LA,2019-07-27,0,30,2018-19,1
LA,2020-01-04,0,1,2019-20,1
LA,2020-01-11,0,2,2019-20,1
LA,2020-01-18,0,3,2019-20,1
LA,2020-01-25,0,4,2019-20,1
LA,2020-02-01,0,5,2019-20,1
LA,2020-02-08,0,6,2019-20,1
LA,2020-02-15,0,7,2019-20,1
LA,2020-03-14,0,11,2019-20,1
LA,2020-03-21,40,12,2019-20,1
LA,2020-03-28,188,13,2019-20,1
LA,2020-04-04,388,14,2019-20,1
LA,2020-04-11,452,15,2019-20,1
LA,2020-04-18,389,16,2019-20,1
LA,2020-04-25,333,17,2019-20,1
LA,2020-05-02,268,18,2019-20,1
LA,2020-05-09,239,19,2019-20,1
LA,2020-05-16,165,20,2019-20,1
LA,2020-05-23,129,21,2019-20,1
LA,2020-05-30,116,22,2019-20,1
LA,2020-06-06,98,23,2019-20,1
LA,2020-06-13,72,24,2019-20,1
LA,2020-06-20,82,25,2019-20,1
LA,2020-06-27,65,26,2019-20,1
LA,2020-07-04,78,27,2019-20,1
LA,2020-07-11,96,28,2019-20,1
LA,2020-07-18,100,29,2019-20,1
LA,2020-07-25,79,30,2019-20,1
ME,2019-01-05,0,1,2018-19,1
ME,2019-01-12,0,2,2018-19,1
ME,2019-01-19,0,3,2018-19,1
ME,2019-01-26,0,4,2018-19,1
ME,2019-02-02,0,5,2018-19,1
ME,2019-02-09,0,6,2018-19,1
ME,2019-02-16,0,7,2018-19,1
ME,2019-02-23,0,8,2018-19,1
ME,2019-03-02,0,9,2018-19,1
ME,2019-03-09,0,10,2018-19,1
ME,2019-03-16,0,11,2018-19,1
ME,2019-03-23,0,12,2018-19,1
ME,2019-03-30,0,13,2018-19,1
ME,2019-04-06,0,14,2018-19,1
ME,2019-04-13,0,15,2018-19,1
ME,2019-04-20,0,16,2018-19,1
ME,2019-04-27,0,17,2018-19,1
ME,2019-05-04,0,18,2018-19,1
ME,2019-05-11,0,19,2018-19,1
ME,2019-05-18,0,20,2018-19,1
ME,2019-05-25,0,21,2018-19,1
ME,2019-06-01,0,22,2018-19,1
ME,2019-06-08,0,23,2018-19,1
ME,2019-06-15,0,24,2018-19,1
ME,2019-06-22,0,25,2018-19,1
ME,2019-06-29,0,26,2018-19,1
ME,2019-07-06,0,27,2018-19,1
ME,2019-07-13,0,28,2018-19,1
ME,2019-07-20,0,29,2018-19,1
ME,2019-07-27,0,30,2018-19,1
ME,2020-01-04,0,1,2019-20,1
ME,2020-01-11,0,2,2019-20,1
ME,2020-01-18,0,3,2019-20,1
ME,2020-01-25,0,4,2019-20,1
ME,2020-02-01,0,5,2019-20,1
ME,2020-02-08,0,6,2019-20,1
ME,2020-02-15,0,7,2019-20,1
ME,2020-02-22,0,8,2019-20,1
ME,2020-02-29,0,9,2019-20,1
ME,2020-03-07,0,10,2019-20,1
ME,2020-03-14,0,11,2019-20,1
ME,2020-03-21,0,12,2019-20,1
ME,2020-04-11,12,15,2019-20,1
ME,2020-04-18,11,16,2019-20,1
ME,2020-04-25,18,17,2019-20,1
ME,2020-05-16,10,20,2019-20,1
ME,2020-05-30,13,22,2019-20,1
MD,2019-01-05,0,1,2018-19,1
MD,2019-01-12,0,2,2018-19,1
MD,2019-01-19,0,3,2018-19,1
MD,2019-01-26,0,4,2018-19,1
MD,2019-02-02,0,5,2018-19,1
MD,2019-02-09,0,6,2018-19,1
MD,2019-02-16,0,7,2018-19,1
MD,2019-02-23,0,8,2018-19,1
MD,2019-03-02,0,9,2018-19,1
MD,2019-03-09,0,10,2018-19,1
MD,2019-03-16,0,11,2018-19,1
MD,2019-03-23,0,12,2018-19,1
MD,2019-03-30,0,13,2018-19,1
MD,2019-04-06,0,14,2018-19,1
MD,2019-04-13,0,15,2018-19,1
MD,2019-04-20,0,16,2018-19,1
MD,2019-04-27,0,17,2018-19,1
MD,2019-05-04,0,18,2018-19,1
MD,2019-05-11,0,19,2018-19,1
MD,2019-05-18,0,20,2018-19,1
MD,2019-05-25,0,21,2018-19,1
MD,2019-06-01,0,22,2018-19,1
MD,2019-06-08,0,23,2018-19,1
MD,2019-06-15,0,24,2018-19,1
MD,2019-06-22,0,25,2018-19,1
MD,2019-06-29,0,26,2018-19,1
MD,2019-07-06,0,27,2018-19,1
MD,2019-07-13,0,28,2018-19,1
MD,2019-07-20,0,29,2018-19,1
MD,2019-07-27,0,30,2018-19,1
MD,2020-01-04,0,1,2019-20,1
MD,2020-01-11,0,2,2019-20,1
MD,2020-01-18,0,3,2019-20,1
MD,2020-01-25,0,4,2019-20,1
MD,2020-02-01,0,5,2019-20,1
MD,2020-02-08,0,6,2019-20,1
MD,2020-02-15,0,7,2019-20,1
MD,2020-02-22,0,8,2019-20,1
MD,2020-02-29,0,9,2019-20,1
MD,2020-03-07,0,10,2019-20,1
MD,2020-03-14,0,11,2019-20,1
MD,2020-03-28,18,13,2019-20,1
MD,2020-04-04,86,14,2019-20,1
MD,2020-04-11,212,15,2019-20,1
MD,2020-04-18,299,16,2019-20,1
MD,2020-04-25,390,17,2019-20,1
MD,2020-05-02,424,18,2019-20,1
MD,2020-05-09,415,19,2019-20,1
MD,2020-05-16,389,20,2019-20,1
MD,2020-05-23,297,21,2019-20,1
MD,2020-05-30,287,22,2019-20,1
MD,2020-06-06,231,23,2019-20,1
MD,2020-06-13,190,24,2019-20,1
MD,2020-06-20,132,25,2019-20,1
MD,2020-06-27,113,26,2019-20,1
MD,2020-07-04,91,27,2019-20,1
MD,2020-07-11,71,28,2019-20,1
MD,2020-07-18,56,29,2019-20,1
MD,2020-07-25,44,30,2019-20,1
MA,2019-01-05,0,1,2018-19,1
MA,2019-01-12,0,2,2018-19,1
MA,2019-01-19,0,3,2018-19,1
MA,2019-01-26,0,4,2018-19,1
MA,2019-02-02,0,5,2018-19,1
MA,2019-02-09,0,6,2018-19,1
MA,2019-02-16,0,7,2018-19,1
MA,2019-02-23,0,8,2018-19,1
MA,2019-03-02,0,9,2018-19,1
MA,2019-03-09,0,10,2018-19,1
MA,2019-03-16,0,11,2018-19,1
MA,2019-03-23,0,12,2018-19,1
MA,2019-03-30,0,13,2018-19,1
MA,2019-04-06,0,14,2018-19,1
MA,2019-04-13,0,15,2018-19,1
MA,2019-04-20,0,16,2018-19,1
MA,2019-04-27,0,17,2018-19,1
MA,2019-05-04,0,18,2018-19,1
MA,2019-05-11,0,19,2018-19,1
MA,2019-05-18,0,20,2018-19,1
MA,2019-05-25,0,21,2018-19,1
MA,2019-06-01,0,22,2018-19,1
MA,2019-06-08,0,23,2018-19,1
MA,2019-06-15,0,24,2018-19,1
MA,2019-06-22,0,25,2018-19,1
MA,2019-06-29,0,26,2018-19,1
MA,2019-07-06,0,27,2018-19,1
MA,2019-07-13,0,28,2018-19,1
MA,2019-07-20,0,29,2018-19,1
MA,2019-07-27,0,30,2018-19,1
MA,2020-01-04,0,1,2019-20,1
MA,2020-01-11,0,2,2019-20,1
MA,2020-01-18,0,3,2019-20,1
MA,2020-01-25,0,4,2019-20,1
MA,2020-02-01,0,5,2019-20,1
MA,2020-02-08,0,6,2019-20,1
MA,2020-02-15,0,7,2019-20,1
MA,2020-02-29,0,9,2019-20,1
MA,2020-03-14,0,11,2019-20,1
MA,2020-03-28,49,13,2019-20,1
MA,2020-04-04,229,14,2019-20,1
MA,2020-04-11,640,15,2019-20,1
MA,2020-04-18,1105,16,2019-20,1
MA,2020-04-25,1235,17,2019-20,1
MA,2020-05-02,1113,18,2019-20,1
MA,2020-05-09,929,19,2019-20,1
MA,2020-05-16,784,20,2019-20,1
MA,2020-05-23,527,21,2019-20,1
MA,2020-05-30,381,22,2019-20,1
MA,2020-06-06,243,23,2019-20,1
MA,2020-06-13,180,24,2019-20,1
MA,2020-06-20,128,25,2019-20,1
MA,2020-06-27,93,26,2019-20,1
MA,2020-07-04,67,27,2019-20,1
MA,2020-07-11,57,28,2019-20,1
MA,2020-07-18,35,29,2019-20,1
MA,2020-07-25,21,30,2019-20,1
MI,2019-01-05,0,1,2018-19,1
MI,2019-01-12,0,2,2018-19,1
MI,2019-01-19,0,3,2018-19,1
MI,2019-01-26,0,4,2018-19,1
MI,2019-02-02,0,5,2018-19,1
MI,2019-02-09,0,6,2018-19,1
MI,2019-02-16,0,7,2018-19,1
MI,2019-02-23,0,8,2018-19,1
MI,2019-03-02,0,9,2018-19,1
MI,2019-03-09,0,10,2018-19,1
MI,2019-03-16,0,11,2018-19,1
MI,2019-03-23,0,12,2018-19,1
MI,2019-03-30,0,13,2018-19,1
MI,2019-04-06,0,14,2018-19,1
MI,2019-04-13,0,15,2018-19,1
MI,2019-04-20,0,16,2018-19,1
MI,2019-04-27,0,17,2018-19,1
MI,2019-05-04,0,18,2018-19,1
MI,2019-05-11,0,19,2018-19,1
MI,2019-05-18,0,20,2018-19,1
MI,2019-05-25,0,21,2018-19,1
MI,2019-06-01,0,22,2018-19,1
MI,2019-06-08,0,23,2018-19,1
MI,2019-06-15,0,24,2018-19,1
MI,2019-06-22,0,25,2018-19,1
MI,2019-06-29,0,26,2018-19,1
MI,2019-07-06,0,27,2018-19,1
MI,2019-07-13,0,28,2018-19,1
MI,2019-07-20,0,29,2018-19,1
MI,2019-07-27,0,30,2018-19,1
MI,2020-01-04,0,1,2019-20,1
MI,2020-01-11,0,2,2019-20,1
MI,2020-01-18,0,3,2019-20,1
MI,2020-01-25,0,4,2019-20,1
MI,2020-02-01,0,5,2019-20,1
MI,2020-02-08,0,6,2019-20,1
MI,2020-02-15,0,7,2019-20,1
MI,2020-02-22,0,8,2019-20,1
MI,2020-02-29,0,9,2019-20,1
MI,2020-03-07,0,10,2019-20,1
MI,2020-03-21,21,12,2019-20,1
MI,2020-03-28,230,13,2019-20,1
MI,2020-04-04,674,14,2019-20,1
MI,2020-04-11,966,15,2019-20,1
MI,2020-04-18,968,16,2019-20,1
MI,2020-04-25,771,17,2019-20,1
MI,2020-05-02,590,18,2019-20,1
MI,2020-05-09,443,19,2019-20,1
MI,2020-05-16,288,20,2019-20,1
MI,2020-05-23,229,21,2019-20,1
MI,2020-05-30,170,22,2019-20,1
MI,2020-06-06,115,23,2019-20,1
MI,2020-06-13,76,24,2019-20,1
MI,2020-06-20,57,25,2019-20,1
MI,2020-06-27,44,26,2019-20,1
MI,2020-07-04,40,27,2019-20,1
MI,2020-07-11,38,28,2019-20,1
MI,2020-07-18,30,29,2019-20,1
MI,2020-07-25,23,30,2019-20,1
MN,2019-01-05,0,1,2018-19,1
MN,2019-01-12,0,2,2018-19,1
MN,2019-01-19,0,3,2018-19,1
MN,2019-01-26,0,4,2018-19,1
MN,2019-02-02,0,5,2018-19,1
MN,2019-02-09,0,6,2018-19,1
MN,2019-02-16,0,7,2018-19,1
MN,2019-02-23,0,8,2018-19,1
MN,2019-03-02,0,9,2018-19,1
MN,2019-03-09,0,10,2018-19,1
MN,2019-03-16,0,11,2018-19,1
MN,2019-03-23,0,12,2018-19,1
MN,2019-03-30,0,13,2018-19,1
MN,2019-04-06,0,14,2018-19,1
MN,2019-04-13,0,15,2018-19,1
MN,2019-04-20,0,16,2018-19,1
MN,2019-04-27,0,17,2018-19,1
MN,2019-05-04,0,18,2018-19,1
MN,2019-05-11,0,19,2018-19,1
MN,2019-05-18,0,20,2018-19,1
MN,2019-05-25,0,21,2018-19,1
MN,2019-06-01,0,22,2018-19,1
MN,2019-06-08,0,23,2018-19,1
MN,2019-06-15,0,24,2018-19,1
MN,2019-06-22,0,25,2018-19,1
MN,2019-06-29,0,26,2018-19,1
MN,2019-07-06,0,27,2018-19,1
MN,2019-07-13,0,28,2018-19,1
MN,2019-07-20,0,29,2018-19,1
MN,2019-07-27,0,30,2018-19,1
MN,2020-01-04,0,1,2019-20,1
MN,2020-01-11,0,2,2019-20,1
MN,2020-01-18,0,3,2019-20,1
MN,2020-01-25,0,4,2019-20,1
MN,2020-02-01,0,5,2019-20,1
MN,2020-02-08,0,6,2019-20,1
MN,2020-02-15,0,7,2019-20,1
MN,2020-02-22,0,8,2019-20,1
MN,2020-02-29,0,9,2019-20,1
MN,2020-03-07,0,10,2019-20,1
MN,2020-03-14,0,11,2019-20,1
MN,2020-03-28,12,13,2019-20,1
MN,2020-04-04,26,14,2019-20,1
MN,2020-04-11,44,15,2019-20,1
MN,2020-04-18,79,16,2019-20,1
MN,2020-04-25,145,17,2019-20,1
MN,2020-05-02,153,18,2019-20,1
MN,2020-05-09,166,19,2019-20,1
MN,2020-05-16,140,20,2019-20,1
MN,2020-05-23,164,21,2019-20,1
MN,2020-05-30,153,22,2019-20,1
MN,2020-06-06,150,23,2019-20,1
MN,2020-06-13,90,24,2019-20,1
MN,2020-06-20,66,25,2019-20,1
MN,2020-06-27,50,26,2019-20,1
MN,2020-07-04,43,27,2019-20,1
MN,2020-07-11,30,28,2019-20,1
MN,2020-07-18,32,29,2019-20,1
MN,2020-07-25,26,30,2019-20,1
MS,2019-01-05,0,1,2018-19,1
MS,2019-01-12,0,2,2018-19,1
MS,2019-01-19,0,3,2018-19,1
MS,2019-01-26,0,4,2018-19,1
MS,2019-02-02,0,5,2018-19,1
MS,2019-02-09,0,6,2018-19,1
MS,2019-02-16,0,7,2018-19,1
MS,2019-02-23,0,8,2018-19,1
MS,2019-03-02,0,9,2018-19,1
MS,2019-03-09,0,10,2018-19,1
MS,2019-03-16,0,11,2018-19,1
MS,2019-03-23,0,12,2018-19,1
MS,2019-03-30,0,13,2018-19,1
MS,2019-04-06,0,14,2018-19,1
MS,2019-04-13,0,15,2018-19,1
MS,2019-04-20,0,16,2018-19,1
MS,2019-04-27,0,17,2018-19,1
MS,2019-05-04,0,18,2018-19,1
MS,2019-05-11,0,19,2018-19,1
MS,2019-05-18,0,20,2018-19,1
MS,2019-05-25,0,21,2018-19,1
MS,2019-06-01,0,22,2018-19,1
MS,2019-06-08,0,23,2018-19,1
MS,2019-06-15,0,24,2018-19,1
MS,2019-06-22,0,25,2018-19,1
MS,2019-06-29,0,26,2018-19,1
MS,2019-07-06,0,27,2018-19,1
MS,2019-07-13,0,28,2018-19,1
MS,2019-07-20,0,29,2018-19,1
MS,2019-07-27,0,30,2018-19,1
MS,2020-01-04,0,1,2019-20,1
MS,2020-01-11,0,2,2019-20,1
MS,2020-01-18,0,3,2019-20,1
MS,2020-01-25,0,4,2019-20,1
MS,2020-02-01,0,5,2019-20,1
MS,2020-02-08,0,6,2019-20,1
MS,2020-02-15,0,7,2019-20,1
MS,2020-02-22,0,8,2019-20,1
MS,2020-02-29,0,9,2019-20,1
MS,2020-03-07,0,10,2019-20,1
MS,2020-03-14,0,11,2019-20,1
MS,2020-03-28,15,13,2019-20,1
MS,2020-04-04,53,14,2019-20,1
MS,2020-04-11,63,15,2019-20,1
MS,2020-04-18,66,16,2019-20,1
MS,2020-04-25,64,17,2019-20,1
MS,2020-05-02,100,18,2019-20,1
MS,2020-05-09,86,19,2019-20,1
MS,2020-05-16,108,20,2019-20,1
MS,2020-05-23,98,21,2019-20,1
MS,2020-05-30,106,22,2019-20,1
MS,2020-06-06,89,23,2019-20,1
MS,2020-06-13,68,24,2019-20,1
MS,2020-06-20,70,25,2019-20,1
MS,2020-06-27,66,26,2019-20,1
MS,2020-07-04,83,27,2019-20,1
MS,2020-07-11,104,28,2019-20,1
MS,2020-07-18,99,29,2019-20,1
MS,2020-07-25,88,30,2019-20,1
MO,2019-01-05,0,1,2018-19,1
MO,2019-01-12,0,2,2018-19,1
MO,2019-01-19,0,3,2018-19,1
MO,2019-01-26,0,4,2018-19,1
MO,2019-02-02,0,5,2018-19,1
MO,2019-02-09,0,6,2018-19,1
MO,2019-02-16,0,7,2018-19,1
MO,2019-02-23,0,8,2018-19,1
MO,2019-03-02,0,9,2018-19,1
MO,2019-03-09,0,10,2018-19,1
MO,2019-03-16,0,11,2018-19,1
MO,2019-03-23,0,12,2018-19,1
MO,2019-03-30,0,13,2018-19,1
MO,2019-04-06,0,14,2018-19,1
MO,2019-04-13,0,15,2018-19,1
MO,2019-04-20,0,16,2018-19,1
MO,2019-04-27,0,17,2018-19,1
MO,2019-05-04,0,18,2018-19,1
MO,2019-05-11,0,19,2018-19,1
MO,2019-05-18,0,20,2018-19,1
MO,2019-05-25,0,21,2018-19,1
MO,2019-06-01,0,22,2018-19,1
MO,2019-06-08,0,23,2018-19,1
MO,2019-06-15,0,24,2018-19,1
MO,2019-06-22,0,25,2018-19,1
MO,2019-06-29,0,26,2018-19,1
MO,2019-07-06,0,27,2018-19,1
MO,2019-07-13,0,28,2018-19,1
MO,2019-07-20,0,29,2018-19,1
MO,2019-07-27,0,30,2018-19,1
MO,2020-01-04,0,1,2019-20,1
MO,2020-01-11,0,2,2019-20,1
MO,2020-01-18,0,3,2019-20,1
MO,2020-01-25,0,4,2019-20,1
MO,2020-02-01,0,5,2019-20,1
MO,2020-02-08,0,6,2019-20,1
MO,2020-02-15,0,7,2019-20,1
MO,2020-02-29,0,9,2019-20,1
MO,2020-03-07,0,10,2019-20,1
MO,2020-03-14,0,11,2019-20,1
MO,2020-03-28,18,13,2019-20,1
MO,2020-04-04,54,14,2019-20,1
MO,2020-04-11,91,15,2019-20,1
MO,2020-04-18,84,16,2019-20,1
MO,2020-04-25,123,17,2019-20,1
MO,2020-05-02,112,18,2019-20,1
MO,2020-05-09,116,19,2019-20,1
MO,2020-05-16,84,20,2019-20,1
MO,2020-05-23,72,21,2019-20,1
MO,2020-05-30,57,22,2019-20,1
MO,2020-06-06,44,23,2019-20,1
MO,2020-06-13,36,24,2019-20,1
MO,2020-06-20,42,25,2019-20,1
MO,2020-06-27,39,26,2019-20,1
MO,2020-07-04,35,27,2019-20,1
MO,2020-07-11,31,28,2019-20,1
MO,2020-07-18,32,29,2019-20,1
MO,2020-07-25,35,30,2019-20,1
MT,2019-01-05,0,1,2018-19,1
MT,2019-01-12,0,2,2018-19,1
MT,2019-01-19,0,3,2018-19,1
MT,2019-01-26,0,4,2018-19,1
MT,2019-02-02,0,5,2018-19,1
MT,2019-02-09,0,6,2018-19,1
MT,2019-02-16,0,7,2018-19,1
MT,2019-02-23,0,8,2018-19,1
MT,2019-03-02,0,9,2018-19,1
MT,2019-03-09,0,10,2018-19,1
MT,2019-03-16,0,11,2018-19,1
MT,2019-03-23,0,12,2018-19,1
MT,2019-03-30,0,13,2018-19,1
MT,2019-04-06,0,14,2018-19,1
MT,2019-04-13,0,15,2018-19,1
MT,2019-04-20,0,16,2018-19,1
MT,2019-04-27,0,17,2018-19,1
MT,2019-05-04,0,18,2018-19,1
MT,2019-05-11,0,19,2018-19,1
MT,2019-05-18,0,20,2018-19,1
MT,2019-05-25,0,21,2018-19,1
MT,2019-06-01,0,22,2018-19,1
MT,2019-06-08,0,23,2018-19,1
MT,2019-06-15,0,24,2018-19,1
MT,2019-06-22,0,25,2018-19,1
MT,2019-06-29,0,26,2018-19,1
MT,2019-07-06,0,27,2018-19,1
MT,2019-07-13,0,28,2018-19,1
MT,2019-07-20,0,29,2018-19,1
MT,2019-07-27,0,30,2018-19,1
MT,2020-01-04,0,1,2019-20,1
MT,2020-01-11,0,2,2019-20,1
MT,2020-01-18,0,3,2019-20,1
MT,2020-01-25,0,4,2019-20,1
MT,2020-02-01,0,5,2019-20,1
MT,2020-02-08,0,6,2019-20,1
MT,2020-02-15,0,7,2019-20,1
MT,2020-02-22,0,8,2019-20,1
MT,2020-02-29,0,9,2019-20,1
MT,2020-03-07,0,10,2019-20,1
MT,2020-03-14,0,11,2019-20,1
MT,2020-03-21,0,12,2019-20,1
MT,2020-04-11,0,15,2019-20,1
MT,2020-05-09,0,19,2019-20,1
MT,2020-05-16,0,20,2019-20,1
MT,2020-05-23,0,21,2019-20,1
NE,2019-01-05,0,1,2018-19,1
NE,2019-01-12,0,2,2018-19,1
NE,2019-01-19,0,3,2018-19,1
NE,2019-01-26,0,4,2018-19,1
NE,2019-02-02,0,5,2018-19,1
NE,2019-02-09,0,6,2018-19,1
NE,2019-02-16,0,7,2018-19,1
NE,2019-02-23,0,8,2018-19,1
NE,2019-03-02,0,9,2018-19,1
NE,2019-03-09,0,10,2018-19,1
NE,2019-03-16,0,11,2018-19,1
NE,2019-03-23,0,12,2018-19,1
NE,2019-03-30,0,13,2018-19,1
NE,2019-04-06,0,14,2018-19,1
NE,2019-04-13,0,15,2018-19,1
NE,2019-04-20,0,16,2018-19,1
NE,2019-04-27,0,17,2018-19,1
NE,2019-05-04,0,18,2018-19,1
NE,2019-05-11,0,19,2018-19,1
NE,2019-05-18,0,20,2018-19,1
NE,2019-05-25,0,21,2018-19,1
NE,2019-06-01,0,22,2018-19,1
NE,2019-06-08,0,23,2018-19,1
NE,2019-06-15,0,24,2018-19,1
NE,2019-06-22,0,25,2018-19,1
NE,2019-06-29,0,26,2018-19,1
NE,2019-07-06,0,27,2018-19,1
NE,2019-07-13,0,28,2018-19,1
NE,2019-07-20,0,29,2018-19,1
NE,2019-07-27,0,30,2018-19,1
NE,2020-01-04,0,1,2019-20,1
NE,2020-01-11,0,2,2019-20,1
NE,2020-01-18,0,3,2019-20,1
NE,2020-01-25,0,4,2019-20,1
NE,2020-02-01,0,5,2019-20,1
NE,2020-02-08,0,6,2019-20,1
NE,2020-02-15,0,7,2019-20,1
NE,2020-02-22,0,8,2019-20,1
NE,2020-02-29,0,9,2019-20,1
NE,2020-03-07,0,10,2019-20,1
NE,2020-03-14,0,11,2019-20,1
NE,2020-03-21,0,12,2019-20,1
NE,2020-04-11,11,15,2019-20,1
NE,2020-04-18,16,16,2019-20,1
NE,2020-04-25,29,17,2019-20,1
NE,2020-05-02,20,18,2019-20,1
NE,2020-05-09,21,19,2019-20,1
NE,2020-05-16,30,20,2019-20,1
NE,2020-05-23,32,21,2019-20,1
NE,2020-05-30,21,22,2019-20,1
NE,2020-06-06,19,23,2019-20,1
NE,2020-06-13,26,24,2019-20,1
NE,2020-06-20,22,25,2019-20,1
NE,2020-06-27,17,26,2019-20,1
NE,2020-07-04,12,27,2019-20,1
NE,2020-07-11,10,28,2019-20,1
NV,2019-01-05,0,1,2018-19,1
NV,2019-01-12,0,2,2018-19,1
NV,2019-01-19,0,3,2018-19,1
NV,2019-01-26,0,4,2018-19,1
NV,2019-02-02,0,5,2018-19,1
NV,2019-02-09,0,6,2018-19,1
NV,2019-02-16,0,7,2018-19,1
NV,2019-02-23,0,8,2018-19,1
NV,2019-03-02,0,9,2018-19,1
NV,2019-03-09,0,10,2018-19,1
NV,2019-03-16,0,11,2018-19,1
NV,2019-03-23,0,12,2018-19,1
NV,2019-03-30,0,13,2018-19,1
NV,2019-04-06,0,14,2018-19,1
NV,2019-04-13,0,15,2018-19,1
NV,2019-04-20,0,16,2018-19,1
NV,2019-04-27,0,17,2018-19,1
NV,2019-05-04,0,18,2018-19,1
NV,2019-05-11,0,19,2018-19,1
NV,2019-05-18,0,20,2018-19,1
NV,2019-05-25,0,21,2018-19,1
NV,2019-06-01,0,22,2018-19,1
NV,2019-06-08,0,23,2018-19,1
NV,2019-06-15,0,24,2018-19,1
NV,2019-06-22,0,25,2018-19,1
NV,2019-06-29,0,26,2018-19,1
NV,2019-07-06,0,27,2018-19,1
NV,2019-07-13,0,28,2018-19,1
NV,2019-07-20,0,29,2018-19,1
NV,2019-07-27,0,30,2018-19,1
NV,2020-01-04,0,1,2019-20,1
NV,2020-01-11,0,2,2019-20,1
NV,2020-01-18,0,3,2019-20,1
NV,2020-01-25,0,4,2019-20,1
NV,2020-02-01,0,5,2019-20,1
NV,2020-02-08,0,6,2019-20,1
NV,2020-02-15,0,7,2019-20,1
NV,2020-02-22,0,8,2019-20,1
NV,2020-02-29,0,9,2019-20,1
NV,2020-03-07,0,10,2019-20,1
NV,2020-03-14,0,11,2019-20,1
NV,2020-03-28,19,13,2019-20,1
NV,2020-04-04,43,14,2019-20,1
NV,2020-04-11,55,15,2019-20,1
NV,2020-04-18,43,16,2019-20,1
NV,2020-04-25,62,17,2019-20,1
NV,2020-05-02,48,18,2019-20,1
NV,2020-05-09,51,19,2019-20,1
NV,2020-05-16,34,20,2019-20,1
NV,2020-05-23,36,21,2019-20,1
NV,2020-05-30,29,22,2019-20,1
NV,2020-06-06,21,23,2019-20,1
NV,2020-06-13,17,24,2019-20,1
NV,2020-06-20,19,25,2019-20,1
NV,2020-06-27,21,26,2019-20,1
NV,2020-07-04,41,27,2019-20,1
NV,2020-07-11,59,28,2019-20,1
NV,2020-07-18,66,29,2019-20,1
NV,2020-07-25,43,30,2019-20,1
NH,2019-01-05,0,1,2018-19,1
NH,2019-01-12,0,2,2018-19,1
NH,2019-01-19,0,3,2018-19,1
NH,2019-01-26,0,4,2018-19,1
NH,2019-02-02,0,5,2018-19,1
NH,2019-02-09,0,6,2018-19,1
NH,2019-02-16,0,7,2018-19,1
NH,2019-02-23,0,8,2018-19,1
NH,2019-03-02,0,9,2018-19,1
NH,2019-03-09,0,10,2018-19,1
NH,2019-03-16,0,11,2018-19,1
NH,2019-03-23,0,12,2018-19,1
NH,2019-03-30,0,13,2018-19,1
NH,2019-04-06,0,14,2018-19,1
NH,2019-04-13,0,15,2018-19,1
NH,2019-04-20,0,16,2018-19,1
NH,2019-04-27,0,17,2018-19,1
NH,2019-05-04,0,18,2018-19,1
NH,2019-05-11,0,19,2018-19,1
NH,2019-05-18,0,20,2018-19,1
NH,2019-05-25,0,21,2018-19,1
NH,2019-06-01,0,22,2018-19,1
NH,2019-06-08,0,23,2018-19,1
NH,2019-06-15,0,24,2018-19,1
NH,2019-06-22,0,25,2018-19,1
NH,2019-06-29,0,26,2018-19,1
NH,2019-07-06,0,27,2018-19,1
NH,2019-07-13,0,28,2018-19,1
NH,2019-07-20,0,29,2018-19,1
NH,2019-07-27,0,30,2018-19,1
NH,2020-01-04,0,1,2019-20,1
NH,2020-01-11,0,2,2019-20,1
NH,2020-01-18,0,3,2019-20,1
NH,2020-01-25,0,4,2019-20,1
NH,2020-02-01,0,5,2019-20,1
NH,2020-02-08,0,6,2019-20,1
NH,2020-02-15,0,7,2019-20,1
NH,2020-02-22,0,8,2019-20,1
NH,2020-02-29,0,9,2019-20,1
NH,2020-03-07,0,10,2019-20,1
NH,2020-03-14,0,11,2019-20,1
NH,2020-03-21,0,12,2019-20,1
NH,2020-04-04,11,14,2019-20,1
NH,2020-04-11,17,15,2019-20,1
NH,2020-04-18,16,16,2019-20,1
NH,2020-04-25,19,17,2019-20,1
NH,2020-05-02,37,18,2019-20,1
NH,2020-05-09,43,19,2019-20,1
NH,2020-05-16,40,20,2019-20,1
NH,2020-05-23,35,21,2019-20,1
NH,2020-05-30,39,22,2019-20,1
NH,2020-06-06,33,23,2019-20,1
NH,2020-06-13,31,24,2019-20,1
NH,2020-06-20,11,25,2019-20,1
NH,2020-06-27,24,26,2019-20,1
NH,2020-07-04,14,27,2019-20,1
NJ,2019-01-05,0,1,2018-19,1
NJ,2019-01-12,0,2,2018-19,1
NJ,2019-01-19,0,3,2018-19,1
NJ,2019-01-26,0,4,2018-19,1
NJ,2019-02-02,0,5,2018-19,1
NJ,2019-02-09,0,6,2018-19,1
NJ,2019-02-16,0,7,2018-19,1
NJ,2019-02-23,0,8,2018-19,1
NJ,2019-03-02,0,9,2018-19,1
NJ,2019-03-09,0,10,2018-19,1
NJ,2019-03-16,0,11,2018-19,1
NJ,2019-03-23,0,12,2018-19,1
NJ,2019-03-30,0,13,2018-19,1
NJ,2019-04-06,0,14,2018-19,1
NJ,2019-04-13,0,15,2018-19,1
NJ,2019-04-20,0,16,2018-19,1
NJ,2019-04-27,0,17,2018-19,1
NJ,2019-05-04,0,18,2018-19,1
NJ,2019-05-11,0,19,2018-19,1
NJ,2019-05-18,0,20,2018-19,1
NJ,2019-05-25,0,21,2018-19,1
NJ,2019-06-01,0,22,2018-19,1
NJ,2019-06-08,0,23,2018-19,1
NJ,2019-06-15,0,24,2018-19,1
NJ,2019-06-22,0,25,2018-19,1
NJ,2019-06-29,0,26,2018-19,1
NJ,2019-07-06,0,27,2018-19,1
NJ,2019-07-13,0,28,2018-19,1
NJ,2019-07-20,0,29,2018-19,1
NJ,2019-07-27,0,30,2018-19,1
NJ,2020-01-04,0,1,2019-20,1
NJ,2020-01-11,0,2,2019-20,1
NJ,2020-01-18,0,3,2019-20,1
NJ,2020-01-25,0,4,2019-20,1
NJ,2020-02-01,0,5,2019-20,1
NJ,2020-02-08,0,6,2019-20,1
NJ,2020-02-15,0,7,2019-20,1
NJ,2020-02-22,0,8,2019-20,1
NJ,2020-02-29,0,9,2019-20,1
NJ,2020-03-07,0,10,2019-20,1
NJ,2020-03-21,36,12,2019-20,1
NJ,2020-03-28,286,13,2019-20,1
NJ,2020-04-04,1226,14,2019-20,1
NJ,2020-04-11,2345,15,2019-20,1
NJ,2020-04-18,2479,16,2019-20,1
NJ,2020-04-25,2028,17,2019-20,1
NJ,2020-05-02,1546,18,2019-20,1
NJ,2020-05-09,1113,19,2019-20,1
NJ,2020-05-16,820,20,2019-20,1
NJ,2020-05-23,548,21,2019-20,1
NJ,2020-05-30,392,22,2019-20,1
NJ,2020-06-06,308,23,2019-20,1
NJ,2020-06-13,218,24,2019-20,1
NJ,2020-06-20,160,25,2019-20,1
NJ,2020-06-27,137,26,2019-20,1
NJ,2020-07-04,99,27,2019-20,1
NJ,2020-07-11,82,28,2019-20,1
NJ,2020-07-18,56,29,2019-20,1
NJ,2020-07-25,44,30,2019-20,1
NM,2019-01-05,0,1,2018-19,1
NM,2019-01-12,0,2,2018-19,1
NM,2019-01-19,0,3,2018-19,1
NM,2019-01-26,0,4,2018-19,1
NM,2019-02-02,0,5,2018-19,1
NM,2019-02-09,0,6,2018-19,1
NM,2019-02-16,0,7,2018-19,1
NM,2019-02-23,0,8,2018-19,1
NM,2019-03-02,0,9,2018-19,1
NM,2019-03-09,0,10,2018-19,1
NM,2019-03-16,0,11,2018-19,1
NM,2019-03-23,0,12,2018-19,1
NM,2019-03-30,0,13,2018-19,1
NM,2019-04-06,0,14,2018-19,1
NM,2019-04-13,0,15,2018-19,1
NM,2019-04-20,0,16,2018-19,1
NM,2019-04-27,0,17,2018-19,1
NM,2019-05-04,0,18,2018-19,1
NM,2019-05-11,0,19,2018-19,1
NM,2019-05-18,0,20,2018-19,1
NM,2019-05-25,0,21,2018-19,1
NM,2019-06-01,0,22,2018-19,1
NM,2019-06-08,0,23,2018-19,1
NM,2019-06-15,0,24,2018-19,1
NM,2019-06-22,0,25,2018-19,1
NM,2019-06-29,0,26,2018-19,1
NM,2019-07-06,0,27,2018-19,1
NM,2019-07-13,0,28,2018-19,1
NM,2019-07-20,0,29,2018-19,1
NM,2019-07-27,0,30,2018-19,1
NM,2020-01-04,0,1,2019-20,1
NM,2020-01-11,0,2,2019-20,1
NM,2020-01-18,0,3,2019-20,1
NM,2020-01-25,0,4,2019-20,1
NM,2020-02-01,0,5,2019-20,1
NM,2020-02-08,0,6,2019-20,1
NM,2020-02-15,0,7,2019-20,1
NM,2020-02-22,0,8,2019-20,1
NM,2020-02-29,0,9,2019-20,1
NM,2020-03-07,0,10,2019-20,1
NM,2020-03-14,0,11,2019-20,1
NM,2020-03-21,0,12,2019-20,1
NM,2020-04-11,22,15,2019-20,1
NM,2020-04-18,34,16,2019-20,1
NM,2020-04-25,46,17,2019-20,1
NM,2020-05-02,73,18,2019-20,1
NM,2020-05-09,63,19,2019-20,1
NM,2020-05-16,61,20,2019-20,1
NM,2020-05-23,42,21,2019-20,1
NM,2020-05-30,47,22,2019-20,1
NM,2020-06-06,31,23,2019-20,1
NM,2020-06-13,34,24,2019-20,1
NM,2020-06-20,23,25,2019-20,1
NM,2020-06-27,16,26,2019-20,1
NM,2020-07-04,23,27,2019-20,1
NM,2020-07-11,22,28,2019-20,1
NM,2020-07-18,19,29,2019-20,1
NM,2020-07-25,13,30,2019-20,1
NY,2019-01-05,0,1,2018-19,1
NY,2019-01-12,0,2,2018-19,1
NY,2019-01-19,0,3,2018-19,1
NY,2019-01-26,0,4,2018-19,1
NY,2019-02-02,0,5,2018-19,1
NY,2019-02-09,0,6,2018-19,1
NY,2019-02-16,0,7,2018-19,1
NY,2019-02-23,0,8,2018-19,1
NY,2019-03-02,0,9,2018-19,1
NY,2019-03-09,0,10,2018-19,1
NY,2019-03-16,0,11,2018-19,1
NY,2019-03-23,0,12,2018-19,1
NY,2019-03-30,0,13,2018-19,1
NY,2019-04-06,0,14,2018-19,1
NY,2019-04-13,0,15,2018-19,1
NY,2019-04-20,0,16,2018-19,1
NY,2019-04-27,0,17,2018-19,1
NY,2019-05-04,0,18,2018-19,1
NY,2019-05-11,0,19,2018-19,1
NY,2019-05-18,0,20,2018-19,1
NY,2019-05-25,0,21,2018-19,1
NY,2019-06-01,0,22,2018-19,1
NY,2019-06-08,0,23,2018-19,1
NY,2019-06-15,0,24,2018-19,1
NY,2019-06-22,0,25,2018-19,1
NY,2019-06-29,0,26,2018-19,1
NY,2019-07-06,0,27,2018-19,1
NY,2019-07-13,0,28,2018-19,1
NY,2019-07-20,0,29,2018-19,1
NY,2019-07-27,0,30,2018-19,1
NY,2020-01-04,0,1,2019-20,1
NY,2020-01-11,0,2,2019-20,1
NY,2020-01-18,0,3,2019-20,1
NY,2020-01-25,0,4,2019-20,1
NY,2020-02-01,0,5,2019-20,1
NY,2020-02-08,0,6,2019-20,1
NY,2020-02-15,0,7,2019-20,1
NY,2020-02-29,0,9,2019-20,1
NY,2020-03-07,0,10,2019-20,1
NY,2020-03-21,41,12,2019-20,1
NY,2020-03-28,291,13,2019-20,1
NY,2020-04-04,1108,14,2019-20,1
NY,2020-04-11,1997,15,2019-20,1
NY,2020-04-18,1999,16,2019-20,1
NY,2020-04-25,1586,17,2019-20,1
NY,2020-05-02,1134,18,2019-20,1
NY,2020-05-09,875,19,2019-20,1
NY,2020-05-16,667,20,2019-20,1
NY,2020-05-23,445,21,2019-20,1
NY,2020-05-30,327,22,2019-20,1
NY,2020-06-06,259,23,2019-20,1
NY,2020-06-13,180,24,2019-20,1
NY,2020-06-20,125,25,2019-20,1
NY,2020-06-27,74,26,2019-20,1
NY,2020-07-04,61,27,2019-20,1
NY,2020-07-11,62,28,2019-20,1
NY,2020-07-18,56,29,2019-20,1
NY,2020-07-25,38,30,2019-20,1
NYC,2019-01-05,0,1,2018-19,1
NYC,2019-01-12,0,2,2018-19,1
NYC,2019-01-19,0,3,2018-19,1
NYC,2019-01-26,0,4,2018-19,1
NYC,2019-02-02,0,5,2018-19,1
NYC,2019-02-09,0,6,2018-19,1
NYC,2019-02-16,0,7,2018-19,1
NYC,2019-02-23,0,8,2018-19,1
NYC,2019-03-02,0,9,2018-19,1
NYC,2019-03-09,0,10,2018-19,1
NYC,2019-03-16,0,11,2018-19,1
NYC,2019-03-23,0,12,2018-19,1
NYC,2019-03-30,0,13,2018-19,1
NYC,2019-04-06,0,14,2018-19,1
NYC,2019-04-13,0,15,2018-19,1
NYC,2019-04-20,0,16,2018-19,1
NYC,2019-04-27,0,17,2018-19,1
NYC,2019-05-04,0,18,2018-19,1
NYC,2019-05-11,0,19,2018-19,1
NYC,2019-05-18,0,20,2018-19,1
NYC,2019-05-25,0,21,2018-19,1
NYC,2019-06-01,0,22,2018-19,1
NYC,2019-06-08,0,23,2018-19,1
NYC,2019-06-15,0,24,2018-19,1
NYC,2019-06-22,0,25,2018-19,1
NYC,2019-06-29,0,26,2018-19,1
NYC,2019-07-06,0,27,2018-19,1
NYC,2019-07-13,0,28,2018-19,1
NYC,2019-07-20,0,29,2018-19,1
NYC,2019-07-27,0,30,2018-19,1
NYC,2020-01-04,0,1,2019-20,1
NYC,2020-01-11,0,2,2019-20,1
NYC,2020-01-18,0,3,2019-20,1
NYC,2020-01-25,0,4,2019-20,1
NYC,2020-02-01,0,5,2019-20,1
NYC,2020-02-08,0,6,2019-20,1
NYC,2020-02-15,0,7,2019-20,1
NYC,2020-02-22,0,8,2019-20,1
NYC,2020-02-29,0,9,2019-20,1
NYC,2020-03-07,0,10,2019-20,1
NYC,2020-03-21,122,12,2019-20,1
NYC,2020-03-28,979,13,2019-20,1
NYC,2020-04-04,3303,14,2019-20,1
NYC,2020-04-11,4843,15,2019-20,1
NYC,2020-04-18,3911,16,2019-20,1
NYC,2020-04-25,2620,17,2019-20,1
NYC,2020-05-02,1723,18,2019-20,1
NYC,2020-05-09,1050,19,2019-20,1
NYC,2020-05-16,615,20,2019-20,1
NYC,2020-05-23,412,21,2019-20,1
NYC,2020-05-30,280,22,2019-20,1
NYC,2020-06-06,197,23,2019-20,1
NYC,2020-06-13,139,24,2019-20,1
NYC,2020-06-20,88,25,2019-20,1
NYC,2020-06-27,71,26,2019-20,1
NYC,2020-07-04,48,27,2019-20,1
NYC,2020-07-11,40,28,2019-20,1
NYC,2020-07-18,47,29,2019-20,1
NYC,2020-07-25,38,30,2019-20,1
NC,2019-01-05,0,1,2018-19,1
NC,2019-01-12,0,2,2018-19,1
NC,2019-01-19,0,3,2018-19,1
NC,2019-01-26,0,4,2018-19,1
NC,2019-02-02,0,5,2018-19,1
NC,2019-02-09,0,6,2018-19,1
NC,2019-02-16,0,7,2018-19,1
NC,2019-02-23,0,8,2018-19,1
NC,2019-03-02,0,9,2018-19,1
NC,2019-03-09,0,10,2018-19,1
NC,2019-03-16,0,11,2018-19,1
NC,2019-03-23,0,12,2018-19,1
NC,2019-03-30,0,13,2018-19,1
NC,2019-04-06,0,14,2018-19,1
NC,2019-04-13,0,15,2018-19,1
NC,2019-04-20,0,16,2018-19,1
NC,2019-04-27,0,17,2018-19,1
NC,2019-05-04,0,18,2018-19,1
NC,2019-05-11,0,19,2018-19,1
NC,2019-05-18,0,20,2018-19,1
NC,2019-05-25,0,21,2018-19,1
NC,2019-06-01,0,22,2018-19,1
NC,2019-06-08,0,23,2018-19,1
NC,2019-06-15,0,24,2018-19,1
NC,2019-06-22,0,25,2018-19,1
NC,2019-06-29,0,26,2018-19,1
NC,2019-07-06,0,27,2018-19,1
NC,2019-07-13,0,28,2018-19,1
NC,2019-07-20,0,29,2018-19,1
NC,2019-07-27,0,30,2018-19,1
NC,2020-01-04,0,1,2019-20,1
NC,2020-01-11,0,2,2019-20,1
NC,2020-01-18,0,3,2019-20,1
NC,2020-01-25,0,4,2019-20,1
NC,2020-02-01,0,5,2019-20,1
NC,2020-02-08,0,6,2019-20,1
NC,2020-02-15,0,7,2019-20,1
NC,2020-02-22,0,8,2019-20,1
NC,2020-02-29,0,9,2019-20,1
NC,2020-03-14,0,11,2019-20,1
NC,2020-03-28,11,13,2019-20,1
NC,2020-04-04,44,14,2019-20,1
NC,2020-04-11,60,15,2019-20,1
NC,2020-04-18,138,16,2019-20,1
NC,2020-04-25,118,17,2019-20,1
NC,2020-05-02,117,18,2019-20,1
NC,2020-05-09,118,19,2019-20,1
NC,2020-05-16,102,20,2019-20,1
NC,2020-05-23,105,21,2019-20,1
NC,2020-05-30,155,22,2019-20,1
NC,2020-06-06,127,23,2019-20,1
NC,2020-06-13,110,24,2019-20,1
NC,2020-06-20,91,25,2019-20,1
NC,2020-06-27,80,26,2019-20,1
NC,2020-07-04,46,27,2019-20,1
NC,2020-07-11,13,28,2019-20,1
ND,2019-01-05,0,1,2018-19,1
ND,2019-01-12,0,2,2018-19,1
ND,2019-01-19,0,3,2018-19,1
ND,2019-01-26,0,4,2018-19,1
ND,2019-02-02,0,5,2018-19,1
ND,2019-02-09,0,6,2018-19,1
ND,2019-02-16,0,7,2018-19,1
ND,2019-02-23,0,8,2018-19,1
ND,2019-03-02,0,9,2018-19,1
ND,2019-03-09,0,10,2018-19,1
ND,2019-03-16,0,11,2018-19,1
ND,2019-03-23,0,12,2018-19,1
ND,2019-03-30,0,13,2018-19,1
ND,2019-04-06,0,14,2018-19,1
ND,2019-04-13,0,15,2018-19,1
ND,2019-04-20,0,16,2018-19,1
ND,2019-04-27,0,17,2018-19,1
ND,2019-05-04,0,18,2018-19,1
ND,2019-05-11,0,19,2018-19,1
ND,2019-05-18,0,20,2018-19,1
ND,2019-05-25,0,21,2018-19,1
ND,2019-06-01,0,22,2018-19,1
ND,2019-06-08,0,23,2018-19,1
ND,2019-06-15,0,24,2018-19,1
ND,2019-06-22,0,25,2018-19,1
ND,2019-06-29,0,26,2018-19,1
ND,2019-07-06,0,27,2018-19,1
ND,2019-07-13,0,28,2018-19,1
ND,2019-07-20,0,29,2018-19,1
ND,2019-07-27,0,30,2018-19,1
ND,2020-01-04,0,1,2019-20,1
ND,2020-01-11,0,2,2019-20,1
ND,2020-01-18,0,3,2019-20,1
ND,2020-01-25,0,4,2019-20,1
ND,2020-02-01,0,5,2019-20,1
ND,2020-02-08,0,6,2019-20,1
ND,2020-02-15,0,7,2019-20,1
ND,2020-02-22,0,8,2019-20,1
ND,2020-02-29,0,9,2019-20,1
ND,2020-03-07,0,10,2019-20,1
ND,2020-03-14,0,11,2019-20,1
ND,2020-03-21,0,12,2019-20,1
ND,2020-04-25,11,17,2019-20,1
ND,2020-05-09,11,19,2019-20,1
ND,2020-05-16,14,20,2019-20,1
ND,2020-05-23,10,21,2019-20,1
ND,2020-05-30,14,22,2019-20,1
OH,2019-01-05,0,1,2018-19,1
OH,2019-01-12,0,2,2018-19,1
OH,2019-01-19,0,3,2018-19,1
OH,2019-01-26,0,4,2018-19,1
OH,2019-02-02,0,5,2018-19,1
OH,2019-02-09,0,6,2018-19,1
OH,2019-02-16,0,7,2018-19,1
OH,2019-02-23,0,8,2018-19,1
OH,2019-03-02,0,9,2018-19,1
OH,2019-03-09,0,10,2018-19,1
OH,2019-03-16,0,11,2018-19,1
OH,2019-03-23,0,12,2018-19,1
OH,2019-03-30,0,13,2018-19,1
OH,2019-04-06,0,14,2018-19,1
OH,2019-04-13,0,15,2018-19,1
OH,2019-04-20,0,16,2018-19,1
OH,2019-04-27,0,17,2018-19,1
OH,2019-05-04,0,18,2018-19,1
OH,2019-05-11,0,19,2018-19,1
OH,2019-05-18,0,20,2018-19,1
OH,2019-05-25,0,21,2018-19,1
OH,2019-06-01,0,22,2018-19,1
OH,2019-06-08,0,23,2018-19,1
OH,2019-06-15,0,24,2018-19,1
OH,2019-06-22,0,25,2018-19,1
OH,2019-06-29,0,26,2018-19,1
OH,2019-07-06,0,27,2018-19,1
OH,2019-07-13,0,28,2018-19,1
OH,2019-07-20,0,29,2018-19,1
OH,2019-07-27,0,30,2018-19,1
OH,2020-01-04,0,1,2019-20,1
OH,2020-01-11,0,2,2019-20,1
OH,2020-01-18,0,3,2019-20,1
OH,2020-01-25,0,4,2019-20,1
OH,2020-02-01,0,5,2019-20,1
OH,2020-02-08,0,6,2019-20,1
OH,2020-02-15,0,7,2019-20,1
OH,2020-02-22,0,8,2019-20,1
OH,2020-02-29,0,9,2019-20,1
OH,2020-03-07,0,10,2019-20,1
OH,2020-03-28,43,13,2019-20,1
OH,2020-04-04,118,14,2019-20,1
OH,2020-04-11,174,15,2019-20,1
OH,2020-04-18,267,16,2019-20,1
OH,2020-04-25,280,17,2019-20,1
OH,2020-05-02,317,18,2019-20,1
OH,2020-05-09,286,19,2019-20,1
OH,2020-05-16,253,20,2019-20,1
OH,2020-05-23,262,21,2019-20,1
OH,2020-05-30,172,22,2019-20,1
OH,2020-06-06,177,23,2019-20,1
OH,2020-06-13,125,24,2019-20,1
OH,2020-06-20,103,25,2019-20,1
OH,2020-06-27,95,26,2019-20,1
OH,2020-07-04,84,27,2019-20,1
OH,2020-07-11,81,28,2019-20,1
OH,2020-07-18,60,29,2019-20,1
OH,2020-07-25,51,30,2019-20,1
OK,2019-01-05,0,1,2018-19,1
OK,2019-01-12,0,2,2018-19,1
OK,2019-01-19,0,3,2018-19,1
OK,2019-01-26,0,4,2018-19,1
OK,2019-02-02,0,5,2018-19,1
OK,2019-02-09,0,6,2018-19,1
OK,2019-02-16,0,7,2018-19,1
OK,2019-02-23,0,8,2018-19,1
OK,2019-03-02,0,9,2018-19,1
OK,2019-03-09,0,10,2018-19,1
OK,2019-03-16,0,11,2018-19,1
OK,2019-03-23,0,12,2018-19,1
OK,2019-03-30,0,13,2018-19,1
OK,2019-04-06,0,14,2018-19,1
OK,2019-04-13,0,15,2018-19,1
OK,2019-04-20,0,16,2018-19,1
OK,2019-04-27,0,17,2018-19,1
OK,2019-05-04,0,18,2018-19,1
OK,2019-05-11,0,19,2018-19,1
OK,2019-05-18,0,20,2018-19,1
OK,2019-05-25,0,21,2018-19,1
OK,2019-06-01,0,22,2018-19,1
OK,2019-06-08,0,23,2018-19,1
OK,2019-06-15,0,24,2018-19,1
OK,2019-06-22,0,25,2018-19,1
OK,2019-06-29,0,26,2018-19,1
OK,2019-07-06,0,27,2018-19,1
OK,2019-07-13,0,28,2018-19,1
OK,2019-07-20,0,29,2018-19,1
OK,2019-07-27,0,30,2018-19,1
OK,2020-01-04,0,1,2019-20,1
OK,2020-01-11,0,2,2019-20,1
OK,2020-01-18,0,3,2019-20,1
OK,2020-01-25,0,4,2019-20,1
OK,2020-02-01,0,5,2019-20,1
OK,2020-02-08,0,6,2019-20,1
OK,2020-02-15,0,7,2019-20,1
OK,2020-02-22,0,8,2019-20,1
OK,2020-02-29,0,9,2019-20,1
OK,2020-03-14,0,11,2019-20,1
OK,2020-03-28,18,13,2019-20,1
OK,2020-04-04,41,14,2019-20,1
OK,2020-04-11,51,15,2019-20,1
OK,2020-04-18,46,16,2019-20,1
OK,2020-04-25,43,17,2019-20,1
OK,2020-05-02,42,18,2019-20,1
OK,2020-05-09,29,19,2019-20,1
OK,2020-05-16,20,20,2019-20,1
OK,2020-05-23,22,21,2019-20,1
OK,2020-05-30,23,22,2019-20,1
OK,2020-06-06,14,23,2019-20,1
OK,2020-06-13,14,24,2019-20,1
OK,2020-06-20,15,25,2019-20,1
OK,2020-06-27,14,26,2019-20,1
OK,2020-07-04,17,27,2019-20,1
OK,2020-07-11,29,28,2019-20,1
OK,2020-07-18,29,29,2019-20,1
OK,2020-07-25,31,30,2019-20,1
OR,2019-01-05,0,1,2018-19,1
OR,2019-01-12,0,2,2018-19,1
OR,2019-01-19,0,3,2018-19,1
OR,2019-01-26,0,4,2018-19,1
OR,2019-02-02,0,5,2018-19,1
OR,2019-02-09,0,6,2018-19,1
OR,2019-02-16,0,7,2018-19,1
OR,2019-02-23,0,8,2018-19,1
OR,2019-03-02,0,9,2018-19,1
OR,2019-03-09,0,10,2018-19,1
OR,2019-03-16,0,11,2018-19,1
OR,2019-03-23,0,12,2018-19,1
OR,2019-03-30,0,13,2018-19,1
OR,2019-04-06,0,14,2018-19,1
OR,2019-04-13,0,15,2018-19,1
OR,2019-04-20,0,16,2018-19,1
OR,2019-04-27,0,17,2018-19,1
OR,2019-05-04,0,18,2018-19,1
OR,2019-05-11,0,19,2018-19,1
OR,2019-05-18,0,20,2018-19,1
OR,2019-05-25,0,21,2018-19,1
OR,2019-06-01,0,22,2018-19,1
OR,2019-06-08,0,23,2018-19,1
OR,2019-06-15,0,24,2018-19,1
OR,2019-06-22,0,25,2018-19,1
OR,2019-06-29,0,26,2018-19,1
OR,2019-07-06,0,27,2018-19,1
OR,2019-07-13,0,28,2018-19,1
OR,2019-07-20,0,29,2018-19,1
OR,2019-07-27,0,30,2018-19,1
OR,2020-01-04,0,1,2019-20,1
OR,2020-01-11,0,2,2019-20,1
OR,2020-01-18,0,3,2019-20,1
OR,2020-01-25,0,4,2019-20,1
OR,2020-02-01,0,5,2019-20,1
OR,2020-02-08,0,6,2019-20,1
OR,2020-02-15,0,7,2019-20,1
OR,2020-02-22,0,8,2019-20,1
OR,2020-02-29,0,9,2019-20,1
OR,2020-03-07,0,10,2019-20,1
OR,2020-03-28,14,13,2019-20,1
OR,2020-04-04,24,14,2019-20,1
OR,2020-04-11,25,15,2019-20,1
OR,2020-04-18,25,16,2019-20,1
OR,2020-04-25,29,17,2019-20,1
OR,2020-05-02,15,18,2019-20,1
OR,2020-05-09,19,19,2019-20,1
OR,2020-05-16,14,20,2019-20,1
OR,2020-05-30,11,22,2019-20,1
OR,2020-06-13,14,24,2019-20,1
OR,2020-06-20,12,25,2019-20,1
OR,2020-06-27,15,26,2019-20,1
OR,2020-07-04,20,27,2019-20,1
OR,2020-07-11,14,28,2019-20,1
OR,2020-07-18,19,29,2019-20,1
PA,2019-01-05,0,1,2018-19,1
PA,2019-01-12,0,2,2018-19,1
PA,2019-01-19,0,3,2018-19,1
PA,2019-01-26,0,4,2018-19,1
PA,2019-02-02,0,5,2018-19,1
PA,2019-02-09,0,6,2018-19,1
PA,2019-02-16,0,7,2018-19,1
PA,2019-02-23,0,8,2018-19,1
PA,2019-03-02,0,9,2018-19,1
PA,2019-03-09,0,10,2018-19,1
PA,2019-03-16,0,11,2018-19,1
PA,2019-03-23,0,12,2018-19,1
PA,2019-03-30,0,13,2018-19,1
PA,2019-04-06,0,14,2018-19,1
PA,2019-04-13,0,15,2018-19,1
PA,2019-04-20,0,16,2018-19,1
PA,2019-04-27,0,17,2018-19,1
PA,2019-05-04,0,18,2018-19,1
PA,2019-05-11,0,19,2018-19,1
PA,2019-05-18,0,20,2018-19,1
PA,2019-05-25,0,21,2018-19,1
PA,2019-06-01,0,22,2018-19,1
PA,2019-06-08,0,23,2018-19,1
PA,2019-06-15,0,24,2018-19,1
PA,2019-06-22,0,25,2018-19,1
PA,2019-06-29,0,26,2018-19,1
PA,2019-07-06,0,27,2018-19,1
PA,2019-07-13,0,28,2018-19,1
PA,2019-07-20,0,29,2018-19,1
PA,2019-07-27,0,30,2018-19,1
PA,2020-01-04,0,1,2019-20,1
PA,2020-01-11,0,2,2019-20,1
PA,2020-01-18,0,3,2019-20,1
PA,2020-01-25,0,4,2019-20,1
PA,2020-02-01,0,5,2019-20,1
PA,2020-02-08,0,6,2019-20,1
PA,2020-02-15,0,7,2019-20,1
PA,2020-02-22,0,8,2019-20,1
PA,2020-03-07,0,10,2019-20,1
PA,2020-03-14,0,11,2019-20,1
PA,2020-03-28,51,13,2019-20,1
PA,2020-04-04,207,14,2019-20,1
PA,2020-04-11,626,15,2019-20,1
PA,2020-04-18,902,16,2019-20,1
PA,2020-04-25,1064,17,2019-20,1
PA,2020-05-02,940,18,2019-20,1
PA,2020-05-09,846,19,2019-20,1
PA,2020-05-16,702,20,2019-20,1
PA,2020-05-23,503,21,2019-20,1
PA,2020-05-30,352,22,2019-20,1
PA,2020-06-06,269,23,2019-20,1
PA,2020-06-13,202,24,2019-20,1
PA,2020-06-20,181,25,2019-20,1
PA,2020-06-27,139,26,2019-20,1
PA,2020-07-04,133,27,2019-20,1
PA,2020-07-11,121,28,2019-20,1
PA,2020-07-18,105,29,2019-20,1
PA,2020-07-25,77,30,2019-20,1
RI,2019-01-05,0,1,2018-19,1
RI,2019-01-12,0,2,2018-19,1
RI,2019-01-19,0,3,2018-19,1
RI,2019-01-26,0,4,2018-19,1
RI,2019-02-02,0,5,2018-19,1
RI,2019-02-09,0,6,2018-19,1
RI,2019-02-16,0,7,2018-19,1
RI,2019-02-23,0,8,2018-19,1
RI,2019-03-02,0,9,2018-19,1
RI,2019-03-09,0,10,2018-19,1
RI,2019-03-16,0,11,2018-19,1
RI,2019-03-23,0,12,2018-19,1
RI,2019-03-30,0,13,2018-19,1
RI,2019-04-06,0,14,2018-19,1
RI,2019-04-13,0,15,2018-19,1
RI,2019-04-20,0,16,2018-19,1
RI,2019-04-27,0,17,2018-19,1
RI,2019-05-04,0,18,2018-19,1
RI,2019-05-11,0,19,2018-19,1
RI,2019-05-18,0,20,2018-19,1
RI,2019-05-25,0,21,2018-19,1
RI,2019-06-01,0,22,2018-19,1
RI,2019-06-08,0,23,2018-19,1
RI,2019-06-15,0,24,2018-19,1
RI,2019-06-22,0,25,2018-19,1
RI,2019-06-29,0,26,2018-19,1
RI,2019-07-06,0,27,2018-19,1
RI,2019-07-13,0,28,2018-19,1
RI,2019-07-20,0,29,2018-19,1
RI,2019-07-27,0,30,2018-19,1
RI,2020-01-04,0,1,2019-20,1
RI,2020-01-11,0,2,2019-20,1
RI,2020-01-18,0,3,2019-20,1
RI,2020-01-25,0,4,2019-20,1
RI,2020-02-01,0,5,2019-20,1
RI,2020-02-08,0,6,2019-20,1
RI,2020-02-15,0,7,2019-20,1
RI,2020-02-22,0,8,2019-20,1
RI,2020-02-29,0,9,2019-20,1
RI,2020-03-07,0,10,2019-20,1
RI,2020-03-14,0,11,2019-20,1
RI,2020-03-21,0,12,2019-20,1
RI,2020-04-04,22,14,2019-20,1
RI,2020-04-11,50,15,2019-20,1
RI,2020-04-18,93,16,2019-20,1
RI,2020-04-25,101,17,2019-20,1
RI,2020-05-02,123,18,2019-20,1
RI,2020-05-09,132,19,2019-20,1
RI,2020-05-16,113,20,2019-20,1
RI,2020-05-23,102,21,2019-20,1
RI,2020-05-30,70,22,2019-20,1
RI,2020-06-06,55,23,2019-20,1
RI,2020-06-13,27,24,2019-20,1
RI,2020-06-20,32,25,2019-20,1
RI,2020-06-27,21,26,2019-20,1
RI,2020-07-04,15,27,2019-20,1
SC,2019-01-05,0,1,2018-19,1
SC,2019-01-12,0,2,2018-19,1
SC,2019-01-19,0,3,2018-19,1
SC,2019-01-26,0,4,2018-19,1
SC,2019-02-02,0,5,2018-19,1
SC,2019-02-09,0,6,2018-19,1
SC,2019-02-16,0,7,2018-19,1
SC,2019-02-23,0,8,2018-19,1
SC,2019-03-02,0,9,2018-19,1
SC,2019-03-09,0,10,2018-19,1
SC,2019-03-16,0,11,2018-19,1
SC,2019-03-23,0,12,2018-19,1
SC,2019-03-30,0,13,2018-19,1
SC,2019-04-06,0,14,2018-19,1
SC,2019-04-13,0,15,2018-19,1
SC,2019-04-20,0,16,2018-19,1
SC,2019-04-27,0,17,2018-19,1
SC,2019-05-04,0,18,2018-19,1
SC,2019-05-11,0,19,2018-19,1
SC,2019-05-18,0,20,2018-19,1
SC,2019-05-25,0,21,2018-19,1
SC,2019-06-01,0,22,2018-19,1
SC,2019-06-08,0,23,2018-19,1
SC,2019-06-15,0,24,2018-19,1
SC,2019-06-22,0,25,2018-19,1
SC,2019-06-29,0,26,2018-19,1
SC,2019-07-06,0,27,2018-19,1
SC,2019-07-13,0,28,2018-19,1
SC,2019-07-20,0,29,2018-19,1
SC,2019-07-27,0,30,2018-19,1
SC,2020-01-04,0,1,2019-20,1
SC,2020-01-11,0,2,2019-20,1
SC,2020-01-18,0,3,2019-20,1
SC,2020-01-25,0,4,2019-20,1
SC,2020-02-01,0,5,2019-20,1
SC,2020-02-08,0,6,2019-20,1
SC,2020-02-15,0,7,2019-20,1
SC,2020-02-22,0,8,2019-20,1
SC,2020-02-29,0,9,2019-20,1
SC,2020-03-07,0,10,2019-20,1
SC,2020-03-14,0,11,2019-20,1
SC,2020-03-28,19,13,2019-20,1
SC,2020-04-04,36,14,2019-20,1
SC,2020-04-11,57,15,2019-20,1
SC,2020-04-18,47,16,2019-20,1
SC,2020-04-25,61,17,2019-20,1
SC,2020-05-02,63,18,2019-20,1
SC,2020-05-09,72,19,2019-20,1
SC,2020-05-16,67,20,2019-20,1
SC,2020-05-23,59,21,2019-20,1
SC,2020-05-30,66,22,2019-20,1
SC,2020-06-06,63,23,2019-20,1
SC,2020-06-13,44,24,2019-20,1
SC,2020-06-20,58,25,2019-20,1
SC,2020-06-27,81,26,2019-20,1
SC,2020-07-04,126,27,2019-20,1
SC,2020-07-11,136,28,2019-20,1
SC,2020-07-18,198,29,2019-20,1
SC,2020-07-25,167,30,2019-20,1
SD,2019-01-05,0,1,2018-19,1
SD,2019-01-12,0,2,2018-19,1
SD,2019-01-19,0,3,2018-19,1
SD,2019-01-26,0,4,2018-19,1
SD,2019-02-02,0,5,2018-19,1
SD,2019-02-09,0,6,2018-19,1
SD,2019-02-16,0,7,2018-19,1
SD,2019-02-23,0,8,2018-19,1
SD,2019-03-02,0,9,2018-19,1
SD,2019-03-09,0,10,2018-19,1
SD,2019-03-16,0,11,2018-19,1
SD,2019-03-23,0,12,2018-19,1
SD,2019-03-30,0,13,2018-19,1
SD,2019-04-06,0,14,2018-19,1
SD,2019-04-13,0,15,2018-19,1
SD,2019-04-20,0,16,2018-19,1
SD,2019-04-27,0,17,2018-19,1
SD,2019-05-04,0,18,2018-19,1
SD,2019-05-11,0,19,2018-19,1
SD,2019-05-18,0,20,2018-19,1
SD,2019-05-25,0,21,2018-19,1
SD,2019-06-01,0,22,2018-19,1
SD,2019-06-08,0,23,2018-19,1
SD,2019-06-15,0,24,2018-19,1
SD,2019-06-22,0,25,2018-19,1
SD,2019-06-29,0,26,2018-19,1
SD,2019-07-06,0,27,2018-19,1
SD,2019-07-13,0,28,2018-19,1
SD,2019-07-20,0,29,2018-19,1
SD,2019-07-27,0,30,2018-19,1
SD,2020-01-04,0,1,2019-20,1
SD,2020-01-11,0,2,2019-20,1
SD,2020-01-18,0,3,2019-20,1
SD,2020-01-25,0,4,2019-20,1
SD,2020-02-01,0,5,2019-20,1
SD,2020-02-08,0,6,2019-20,1
SD,2020-02-15,0,7,2019-20,1
SD,2020-02-22,0,8,2019-20,1
SD,2020-02-29,0,9,2019-20,1
SD,2020-03-07,0,10,2019-20,1
SD,2020-03-21,0,12,2019-20,1
SD,2020-05-02,16,18,2019-20,1
SD,2020-05-09,15,19,2019-20,1
SD,2020-05-30,10,22,2019-20,1
SD,2020-06-13,11,24,2019-20,1
SD,2020-06-20,12,25,2019-20,1
SD,2020-06-27,10,26,2019-20,1
SD,2020-07-11,13,28,2019-20,1
TN,2019-01-05,0,1,2018-19,1
TN,2019-01-12,0,2,2018-19,1
TN,2019-01-19,0,3,2018-19,1
TN,2019-01-26,0,4,2018-19,1
TN,2019-02-02,0,5,2018-19,1
TN,2019-02-09,0,6,2018-19,1
TN,2019-02-16,0,7,2018-19,1
TN,2019-02-23,0,8,2018-19,1
TN,2019-03-02,0,9,2018-19,1
TN,2019-03-09,0,10,2018-19,1
TN,2019-03-16,0,11,2018-19,1
TN,2019-03-23,0,12,2018-19,1
TN,2019-03-30,0,13,2018-19,1
TN,2019-04-06,0,14,2018-19,1
TN,2019-04-13,0,15,2018-19,1
TN,2019-04-20,0,16,2018-19,1
TN,2019-04-27,0,17,2018-19,1
TN,2019-05-04,0,18,2018-19,1
TN,2019-05-11,0,19,2018-19,1
TN,2019-05-18,0,20,2018-19,1
TN,2019-05-25,0,21,2018-19,1
TN,2019-06-01,0,22,2018-19,1
TN,2019-06-08,0,23,2018-19,1
TN,2019-06-15,0,24,2018-19,1
TN,2019-06-22,0,25,2018-19,1
TN,2019-06-29,0,26,2018-19,1
TN,2019-07-06,0,27,2018-19,1
TN,2019-07-13,0,28,2018-19,1
TN,2019-07-20,0,29,2018-19,1
TN,2019-07-27,0,30,2018-19,1
TN,2020-01-04,0,1,2019-20,1
TN,2020-01-11,0,2,2019-20,1
TN,2020-01-18,0,3,2019-20,1
TN,2020-01-25,0,4,2019-20,1
TN,2020-02-01,0,5,2019-20,1
TN,2020-02-08,0,6,2019-20,1
TN,2020-02-15,0,7,2019-20,1
TN,2020-02-22,0,8,2019-20,1
TN,2020-02-29,0,9,2019-20,1
TN,2020-03-07,0,10,2019-20,1
TN,2020-03-14,0,11,2019-20,1
TN,2020-03-28,11,13,2019-20,1
TN,2020-04-04,54,14,2019-20,1
TN,2020-04-11,53,15,2019-20,1
TN,2020-04-18,43,16,2019-20,1
TN,2020-04-25,31,17,2019-20,1
TN,2020-05-02,35,18,2019-20,1
TN,2020-05-09,48,19,2019-20,1
TN,2020-05-16,55,20,2019-20,1
TN,2020-05-23,32,21,2019-20,1
TN,2020-05-30,45,22,2019-20,1
TN,2020-06-06,37,23,2019-20,1
TN,2020-06-13,34,24,2019-20,1
TN,2020-06-20,59,25,2019-20,1
TN,2020-06-27,60,26,2019-20,1
TN,2020-07-04,67,27,2019-20,1
TN,2020-07-11,90,28,2019-20,1
TN,2020-07-18,83,29,2019-20,1
TN,2020-07-25,73,30,2019-20,1
TX,2019-01-05,0,1,2018-19,1
TX,2019-01-12,0,2,2018-19,1
TX,2019-01-19,0,3,2018-19,1
TX,2019-01-26,0,4,2018-19,1
TX,2019-02-02,0,5,2018-19,1
TX,2019-02-09,0,6,2018-19,1
TX,2019-02-16,0,7,2018-19,1
TX,2019-02-23,0,8,2018-19,1
TX,2019-03-02,0,9,2018-19,1
TX,2019-03-09,0,10,2018-19,1
TX,2019-03-16,0,11,2018-19,1
TX,2019-03-23,0,12,2018-19,1
TX,2019-03-30,0,13,2018-19,1
TX,2019-04-06,0,14,2018-19,1
TX,2019-04-13,0,15,2018-19,1
TX,2019-04-20,0,16,2018-19,1
TX,2019-04-27,0,17,2018-19,1
TX,2019-05-04,0,18,2018-19,1
TX,2019-05-11,0,19,2018-19,1
TX,2019-05-18,0,20,2018-19,1
TX,2019-05-25,0,21,2018-19,1
TX,2019-06-01,0,22,2018-19,1
TX,2019-06-08,0,23,2018-19,1
TX,2019-06-15,0,24,2018-19,1
TX,2019-06-22,0,25,2018-19,1
TX,2019-06-29,0,26,2018-19,1
TX,2019-07-06,0,27,2018-19,1
TX,2019-07-13,0,28,2018-19,1
TX,2019-07-20,0,29,2018-19,1
TX,2019-07-27,0,30,2018-19,1
TX,2020-01-04,0,1,2019-20,1
TX,2020-01-11,0,2,2019-20,1
TX,2020-01-18,0,3,2019-20,1
TX,2020-01-25,0,4,2019-20,1
TX,2020-02-01,0,5,2019-20,1
TX,2020-02-08,0,6,2019-20,1
TX,2020-02-15,0,7,2019-20,1
TX,2020-02-22,0,8,2019-20,1
TX,2020-02-29,0,9,2019-20,1
TX,2020-03-14,0,11,2019-20,1
TX,2020-03-21,10,12,2019-20,1
TX,2020-03-28,44,13,2019-20,1
TX,2020-04-04,127,14,2019-20,1
TX,2020-04-11,204,15,2019-20,1
TX,2020-04-18,237,16,2019-20,1
TX,2020-04-25,242,17,2019-20,1
TX,2020-05-02,234,18,2019-20,1
TX,2020-05-09,226,19,2019-20,1
TX,2020-05-16,248,20,2019-20,1
TX,2020-05-23,170,21,2019-20,1
TX,2020-05-30,214,22,2019-20,1
TX,2020-06-06,174,23,2019-20,1
TX,2020-06-13,217,24,2019-20,1
TX,2020-06-20,293,25,2019-20,1
TX,2020-06-27,409,26,2019-20,1
TX,2020-07-04,701,27,2019-20,1
TX,2020-07-11,986,28,2019-20,1
TX,2020-07-18,1043,29,2019-20,1
TX,2020-07-25,455,30,2019-20,1
UT,2019-01-05,0,1,2018-19,1
UT,2019-01-12,0,2,2018-19,1
UT,2019-01-19,0,3,2018-19,1
UT,2019-01-26,0,4,2018-19,1
UT,2019-02-02,0,5,2018-19,1
UT,2019-02-09,0,6,2018-19,1
UT,2019-02-16,0,7,2018-19,1
UT,2019-02-23,0,8,2018-19,1
UT,2019-03-02,0,9,2018-19,1
UT,2019-03-09,0,10,2018-19,1
UT,2019-03-16,0,11,2018-19,1
UT,2019-03-23,0,12,2018-19,1
UT,2019-03-30,0,13,2018-19,1
UT,2019-04-06,0,14,2018-19,1
UT,2019-04-13,0,15,2018-19,1
UT,2019-04-20,0,16,2018-19,1
UT,2019-04-27,0,17,2018-19,1
UT,2019-05-04,0,18,2018-19,1
UT,2019-05-11,0,19,2018-19,1
UT,2019-05-18,0,20,2018-19,1
UT,2019-05-25,0,21,2018-19,1
UT,2019-06-01,0,22,2018-19,1
UT,2019-06-08,0,23,2018-19,1
UT,2019-06-15,0,24,2018-19,1
UT,2019-06-22,0,25,2018-19,1
UT,2019-06-29,0,26,2018-19,1
UT,2019-07-06,0,27,2018-19,1
UT,2019-07-13,0,28,2018-19,1
UT,2019-07-20,0,29,2018-19,1
UT,2019-07-27,0,30,2018-19,1
UT,2020-01-04,0,1,2019-20,1
UT,2020-01-11,0,2,2019-20,1
UT,2020-01-18,0,3,2019-20,1
UT,2020-01-25,0,4,2019-20,1
UT,2020-02-01,0,5,2019-20,1
UT,2020-02-08,0,6,2019-20,1
UT,2020-02-15,0,7,2019-20,1
UT,2020-02-22,0,8,2019-20,1
UT,2020-02-29,0,9,2019-20,1
UT,2020-03-07,0,10,2019-20,1
UT,2020-03-14,0,11,2019-20,1
UT,2020-03-21,0,12,2019-20,1
UT,2020-04-04,11,14,2019-20,1
UT,2020-04-25,16,17,2019-20,1
UT,2020-05-02,12,18,2019-20,1
UT,2020-05-09,18,19,2019-20,1
UT,2020-05-16,17,20,2019-20,1
UT,2020-05-23,14,21,2019-20,1
UT,2020-05-30,12,22,2019-20,1
UT,2020-06-06,12,23,2019-20,1
UT,2020-06-13,20,24,2019-20,1
UT,2020-06-20,14,25,2019-20,1
UT,2020-06-27,12,26,2019-20,1
UT,2020-07-04,18,27,2019-20,1
UT,2020-07-11,31,28,2019-20,1
UT,2020-07-18,25,29,2019-20,1
UT,2020-07-25,20,30,2019-20,1
VT,2019-01-05,0,1,2018-19,1
VT,2019-01-12,0,2,2018-19,1
VT,2019-01-19,0,3,2018-19,1
VT,2019-01-26,0,4,2018-19,1
VT,2019-02-02,0,5,2018-19,1
VT,2019-02-09,0,6,2018-19,1
VT,2019-02-16,0,7,2018-19,1
VT,2019-02-23,0,8,2018-19,1
VT,2019-03-02,0,9,2018-19,1
VT,2019-03-09,0,10,2018-19,1
VT,2019-03-16,0,11,2018-19,1
VT,2019-03-23,0,12,2018-19,1
VT,2019-03-30,0,13,2018-19,1
VT,2019-04-06,0,14,2018-19,1
VT,2019-04-13,0,15,2018-19,1
VT,2019-04-20,0,16,2018-19,1
VT,2019-04-27,0,17,2018-19,1
VT,2019-05-04,0,18,2018-19,1
VT,2019-05-11,0,19,2018-19,1
VT,2019-05-18,0,20,2018-19,1
VT,2019-05-25,0,21,2018-19,1
VT,2019-06-01,0,22,2018-19,1
VT,2019-06-08,0,23,2018-19,1
VT,2019-06-15,0,24,2018-19,1
VT,2019-06-22,0,25,2018-19,1
VT,2019-06-29,0,26,2018-19,1
VT,2019-07-06,0,27,2018-19,1
VT,2019-07-13,0,28,2018-19,1
VT,2019-07-20,0,29,2018-19,1
VT,2019-07-27,0,30,2018-19,1
VT,2020-01-04,0,1,2019-20,1
VT,2020-01-11,0,2,2019-20,1
VT,2020-01-18,0,3,2019-20,1
VT,2020-01-25,0,4,2019-20,1
VT,2020-02-01,0,5,2019-20,1
VT,2020-02-08,0,6,2019-20,1
VT,2020-02-15,0,7,2019-20,1
VT,2020-02-22,0,8,2019-20,1
VT,2020-02-29,0,9,2019-20,1
VT,2020-03-07,0,10,2019-20,1
VT,2020-03-14,0,11,2019-20,1
VT,2020-04-04,10,14,2019-20,1
VT,2020-04-18,10,16,2019-20,1
VT,2020-04-25,11,17,2019-20,1
VT,2020-05-23,0,21,2019-20,1
VT,2020-06-06,0,23,2019-20,1
VT,2020-06-13,0,24,2019-20,1
VT,2020-06-27,0,26,2019-20,1
VT,2020-07-04,0,27,2019-20,1
VT,2020-07-11,0,28,2019-20,1
VT,2020-07-18,0,29,2019-20,1
VT,2020-07-25,0,30,2019-20,1
VA,2019-01-05,0,1,2018-19,1
VA,2019-01-12,0,2,2018-19,1
VA,2019-01-19,0,3,2018-19,1
VA,2019-01-26,0,4,2018-19,1
VA,2019-02-02,0,5,2018-19,1
VA,2019-02-09,0,6,2018-19,1
VA,2019-02-16,0,7,2018-19,1
VA,2019-02-23,0,8,2018-19,1
VA,2019-03-02,0,9,2018-19,1
VA,2019-03-09,0,10,2018-19,1
VA,2019-03-16,0,11,2018-19,1
VA,2019-03-23,0,12,2018-19,1
VA,2019-03-30,0,13,2018-19,1
VA,2019-04-06,0,14,2018-19,1
VA,2019-04-13,0,15,2018-19,1
VA,2019-04-20,0,16,2018-19,1
VA,2019-04-27,0,17,2018-19,1
VA,2019-05-04,0,18,2018-19,1
VA,2019-05-11,0,19,2018-19,1
VA,2019-05-18,0,20,2018-19,1
VA,2019-05-25,0,21,2018-19,1
VA,2019-06-01,0,22,2018-19,1
VA,2019-06-08,0,23,2018-19,1
VA,2019-06-15,0,24,2018-19,1
VA,2019-06-22,0,25,2018-19,1
VA,2019-06-29,0,26,2018-19,1
VA,2019-07-06,0,27,2018-19,1
VA,2019-07-13,0,28,2018-19,1
VA,2019-07-20,0,29,2018-19,1
VA,2019-07-27,0,30,2018-19,1
VA,2020-01-04,0,1,2019-20,1
VA,2020-01-11,0,2,2019-20,1
VA,2020-01-18,0,3,2019-20,1
VA,2020-01-25,0,4,2019-20,1
VA,2020-02-01,0,5,2019-20,1
VA,2020-02-08,0,6,2019-20,1
VA,2020-02-15,0,7,2019-20,1
VA,2020-02-22,0,8,2019-20,1
VA,2020-02-29,0,9,2019-20,1
VA,2020-03-07,0,10,2019-20,1
VA,2020-03-28,28,13,2019-20,1
VA,2020-04-04,58,14,2019-20,1
VA,2020-04-11,102,15,2019-20,1
VA,2020-04-18,195,16,2019-20,1
VA,2020-04-25,220,17,2019-20,1
VA,2020-05-02,251,18,2019-20,1
VA,2020-05-09,233,19,2019-20,1
VA,2020-05-16,199,20,2019-20,1
VA,2020-05-23,165,21,2019-20,1
VA,2020-05-30,159,22,2019-20,1
VA,2020-06-06,102,23,2019-20,1
VA,2020-06-13,109,24,2019-20,1
VA,2020-06-20,86,25,2019-20,1
VA,2020-06-27,76,26,2019-20,1
VA,2020-07-04,53,27,2019-20,1
VA,2020-07-11,60,28,2019-20,1
VA,2020-07-18,79,29,2019-20,1
VA,2020-07-25,45,30,2019-20,1
WA,2019-01-05,0,1,2018-19,1
WA,2019-01-12,0,2,2018-19,1
WA,2019-01-19,0,3,2018-19,1
WA,2019-01-26,0,4,2018-19,1
WA,2019-02-02,0,5,2018-19,1
WA,2019-02-09,0,6,2018-19,1
WA,2019-02-16,0,7,2018-19,1
WA,2019-02-23,0,8,2018-19,1
WA,2019-03-02,0,9,2018-19,1
WA,2019-03-09,0,10,2018-19,1
WA,2019-03-16,0,11,2018-19,1
WA,2019-03-23,0,12,2018-19,1
WA,2019-03-30,0,13,2018-19,1
WA,2019-04-06,0,14,2018-19,1
WA,2019-04-13,0,15,2018-19,1
WA,2019-04-20,0,16,2018-19,1
WA,2019-04-27,0,17,2018-19,1
WA,2019-05-04,0,18,2018-19,1
WA,2019-05-11,0,19,2018-19,1
WA,2019-05-18,0,20,2018-19,1
WA,2019-05-25,0,21,2018-19,1
WA,2019-06-01,0,22,2018-19,1
WA,2019-06-08,0,23,2018-19,1
WA,2019-06-15,0,24,2018-19,1
WA,2019-06-22,0,25,2018-19,1
WA,2019-06-29,0,26,2018-19,1
WA,2019-07-06,0,27,2018-19,1
WA,2019-07-13,0,28,2018-19,1
WA,2019-07-20,0,29,2018-19,1
WA,2019-07-27,0,30,2018-19,1
WA,2020-01-04,0,1,2019-20,1
WA,2020-01-11,0,2,2019-20,1
WA,2020-01-18,0,3,2019-20,1
WA,2020-01-25,0,4,2019-20,1
WA,2020-02-01,0,5,2019-20,1
WA,2020-02-08,0,6,2019-20,1
WA,2020-02-15,0,7,2019-20,1
WA,2020-02-22,0,8,2019-20,1
WA,2020-03-07,21,10,2019-20,1
WA,2020-03-14,26,11,2019-20,1
WA,2020-03-21,62,12,2019-20,1
WA,2020-03-28,116,13,2019-20,1
WA,2020-04-04,155,14,2019-20,1
WA,2020-04-11,141,15,2019-20,1
WA,2020-04-18,115,16,2019-20,1
WA,2020-04-25,103,17,2019-20,1
WA,2020-05-02,77,18,2019-20,1
WA,2020-05-09,86,19,2019-20,1
WA,2020-05-16,68,20,2019-20,1
WA,2020-05-23,45,21,2019-20,1
WA,2020-05-30,35,22,2019-20,1
WA,2020-06-06,33,23,2019-20,1
WA,2020-06-13,41,24,2019-20,1
WA,2020-06-20,31,25,2019-20,1
WA,2020-06-27,38,26,2019-20,1
WA,2020-07-04,42,27,2019-20,1
WA,2020-07-11,53,28,2019-20,1
WA,2020-07-18,37,29,2019-20,1
WA,2020-07-25,30,30,2019-20,1
WV,2019-01-05,0,1,2018-19,1
WV,2019-01-12,0,2,2018-19,1
WV,2019-01-19,0,3,2018-19,1
WV,2019-01-26,0,4,2018-19,1
WV,2019-02-02,0,5,2018-19,1
WV,2019-02-09,0,6,2018-19,1
WV,2019-02-16,0,7,2018-19,1
WV,2019-02-23,0,8,2018-19,1
WV,2019-03-02,0,9,2018-19,1
WV,2019-03-09,0,10,2018-19,1
WV,2019-03-16,0,11,2018-19,1
WV,2019-03-23,0,12,2018-19,1
WV,2019-03-30,0,13,2018-19,1
WV,2019-04-06,0,14,2018-19,1
WV,2019-04-13,0,15,2018-19,1
WV,2019-04-20,0,16,2018-19,1
WV,2019-04-27,0,17,2018-19,1
WV,2019-05-04,0,18,2018-19,1
WV,2019-05-11,0,19,2018-19,1
WV,2019-05-18,0,20,2018-19,1
WV,2019-05-25,0,21,2018-19,1
WV,2019-06-01,0,22,2018-19,1
WV,2019-06-08,0,23,2018-19,1
WV,2019-06-15,0,24,2018-19,1
WV,2019-06-22,0,25,2018-19,1
WV,2019-06-29,0,26,2018-19,1
WV,2019-07-06,0,27,2018-19,1
WV,2019-07-13,0,28,2018-19,1
WV,2019-07-20,0,29,2018-19,1
WV,2019-07-27,0,30,2018-19,1
WV,2020-01-04,0,1,2019-20,1
WV,2020-01-11,0,2,2019-20,1
WV,2020-01-18,0,3,2019-20,1
WV,2020-01-25,0,4,2019-20,1
WV,2020-02-01,0,5,2019-20,1
WV,2020-02-08,0,6,2019-20,1
WV,2020-02-15,0,7,2019-20,1
WV,2020-02-22,0,8,2019-20,1
WV,2020-02-29,0,9,2019-20,1
WV,2020-03-07,0,10,2019-20,1
WV,2020-03-14,0,11,2019-20,1
WV,2020-03-21,0,12,2019-20,1
WV,2020-04-18,12,16,2019-20,1
WV,2020-04-25,16,17,2019-20,1
WV,2020-05-02,15,18,2019-20,1
WV,2020-05-16,15,20,2019-20,1
WI,2019-01-05,0,1,2018-19,1
WI,2019-01-12,0,2,2018-19,1
WI,2019-01-19,0,3,2018-19,1
WI,2019-01-26,0,4,2018-19,1
WI,2019-02-02,0,5,2018-19,1
WI,2019-02-09,0,6,2018-19,1
WI,2019-02-16,0,7,2018-19,1
WI,2019-02-23,0,8,2018-19,1
WI,2019-03-02,0,9,2018-19,1
WI,2019-03-09,0,10,2018-19,1
WI,2019-03-16,0,11,2018-19,1
WI,2019-03-23,0,12,2018-19,1
WI,2019-03-30,0,13,2018-19,1
WI,2019-04-06,0,14,2018-19,1
WI,2019-04-13,0,15,2018-19,1
WI,2019-04-20,0,16,2018-19,1
WI,2019-04-27,0,17,2018-19,1
WI,2019-05-04,0,18,2018-19,1
WI,2019-05-11,0,19,2018-19,1
WI,2019-05-18,0,20,2018-19,1
WI,2019-05-25,0,21,2018-19,1
WI,2019-06-01,0,22,2018-19,1
WI,2019-06-08,0,23,2018-19,1
WI,2019-06-15,0,24,2018-19,1
WI,2019-06-22,0,25,2018-19,1
WI,2019-06-29,0,26,2018-19,1
WI,2019-07-06,0,27,2018-19,1
WI,2019-07-13,0,28,2018-19,1
WI,2019-07-20,0,29,2018-19,1
WI,2019-07-27,0,30,2018-19,1
WI,2020-01-04,0,1,2019-20,1
WI,2020-01-11,0,2,2019-20,1
WI,2020-01-18,0,3,2019-20,1
WI,2020-02-01,0,5,2019-20,1
WI,2020-02-08,0,6,2019-20,1
WI,2020-02-15,0,7,2019-20,1
WI,2020-02-22,0,8,2019-20,1
WI,2020-02-29,0,9,2019-20,1
WI,2020-03-07,0,10,2019-20,1
WI,2020-03-14,0,11,2019-20,1
WI,2020-03-28,19,13,2019-20,1
WI,2020-04-04,76,14,2019-20,1
WI,2020-04-11,76,15,2019-20,1
WI,2020-04-18,75,16,2019-20,1
WI,2020-04-25,47,17,2019-20,1
WI,2020-05-02,72,18,2019-20,1
WI,2020-05-09,57,19,2019-20,1
WI,2020-05-16,55,20,2019-20,1
WI,2020-05-23,65,21,2019-20,1
WI,2020-05-30,88,22,2019-20,1
WI,2020-06-06,45,23,2019-20,1
WI,2020-06-13,41,24,2019-20,1
WI,2020-06-20,37,25,2019-20,1
WI,2020-06-27,34,26,2019-20,1
WI,2020-07-04,23,27,2019-20,1
WI,2020-07-11,17,28,2019-20,1
WI,2020-07-18,30,29,2019-20,1
WI,2020-07-25,31,30,2019-20,1
WY,2019-01-05,0,1,2018-19,1
WY,2019-01-12,0,2,2018-19,1
WY,2019-01-19,0,3,2018-19,1
WY,2019-01-26,0,4,2018-19,1
WY,2019-02-02,0,5,2018-19,1
WY,2019-02-09,0,6,2018-19,1
WY,2019-02-16,0,7,2018-19,1
WY,2019-02-23,0,8,2018-19,1
WY,2019-03-02,0,9,2018-19,1
WY,2019-03-09,0,10,2018-19,1
WY,2019-03-16,0,11,2018-19,1
WY,2019-03-23,0,12,2018-19,1
WY,2019-03-30,0,13,2018-19,1
WY,2019-04-06,0,14,2018-19,1
WY,2019-04-13,0,15,2018-19,1
WY,2019-04-20,0,16,2018-19,1
WY,2019-04-27,0,17,2018-19,1
WY,2019-05-04,0,18,2018-19,1
WY,2019-05-11,0,19,2018-19,1
WY,2019-05-18,0,20,2018-19,1
WY,2019-05-25,0,21,2018-19,1
WY,2019-06-01,0,22,2018-19,1
WY,2019-06-08,0,23,2018-19,1
WY,2019-06-15,0,24,2018-19,1
WY,2019-06-22,0,25,2018-19,1
WY,2019-06-29,0,26,2018-19,1
WY,2019-07-06,0,27,2018-19,1
WY,2019-07-13,0,28,2018-19,1
WY,2019-07-20,0,29,2018-19,1
WY,2019-07-27,0,30,2018-19,1
WY,2020-01-04,0,1,2019-20,1
WY,2020-01-11,0,2,2019-20,1
WY,2020-01-18,0,3,2019-20,1
WY,2020-01-25,0,4,2019-20,1
WY,2020-02-01,0,5,2019-20,1
WY,2020-02-08,0,6,2019-20,1
WY,2020-02-15,0,7,2019-20,1
WY,2020-02-22,0,8,2019-20,1
WY,2020-02-29,0,9,2019-20,1
WY,2020-03-07,0,10,2019-20,1
WY,2020-03-14,0,11,2019-20,1
WY,2020-03-21,0,12,2019-20,1
WY,2020-03-28,0,13,2019-20,1
WY,2020-04-04,0,14,2019-20,1
WY,2020-05-02,0,18,2019-20,1
WY,2020-05-09,0,19,2019-20,1
WY,2020-06-27,0,26,2019-20,1
WY,2020-07-04,0,27,2019-20,1
WY,2020-07-25,0,30,2019-20,1
NA,2019-01-05,0,1,2018-19,1
NA,2019-01-12,0,2,2018-19,1
NA,2019-01-19,0,3,2018-19,1
NA,2019-01-26,0,4,2018-19,1
NA,2019-02-02,0,5,2018-19,1
NA,2019-02-09,0,6,2018-19,1
NA,2019-02-16,0,7,2018-19,1
NA,2019-02-23,0,8,2018-19,1
NA,2019-03-02,0,9,2018-19,1
NA,2019-03-09,0,10,2018-19,1
NA,2019-03-16,0,11,2018-19,1
NA,2019-03-23,0,12,2018-19,1
NA,2019-03-30,0,13,2018-19,1
NA,2019-04-06,0,14,2018-19,1
NA,2019-04-13,0,15,2018-19,1
NA,2019-04-20,0,16,2018-19,1
NA,2019-04-27,0,17,2018-19,1
NA,2019-05-04,0,18,2018-19,1
NA,2019-05-11,0,19,2018-19,1
NA,2019-05-18,0,20,2018-19,1
NA,2019-05-25,0,21,2018-19,1
NA,2019-06-01,0,22,2018-19,1
NA,2019-06-08,0,23,2018-19,1
NA,2019-06-15,0,24,2018-19,1
NA,2019-06-22,0,25,2018-19,1
NA,2019-06-29,0,26,2018-19,1
NA,2019-07-06,0,27,2018-19,1
NA,2019-07-13,0,28,2018-19,1
NA,2019-07-20,0,29,2018-19,1
NA,2019-07-27,0,30,2018-19,1
NA,2020-01-04,1,1,2019-20,1
NA,2020-01-11,0,2,2019-20,1
NA,2020-01-18,2,3,2019-20,1
NA,2020-01-25,1,4,2019-20,1
NA,2020-02-01,0,5,2019-20,1
NA,2020-02-08,1,6,2019-20,1
NA,2020-02-15,0,7,2019-20,1
NA,2020-02-22,5,8,2019-20,1
NA,2020-02-29,7,9,2019-20,1
NA,2020-03-07,35,10,2019-20,1
NA,2020-03-14,52,11,2019-20,1
NA,2020-03-21,565,12,2019-20,1
NA,2020-03-28,3150,13,2019-20,1
NA,2020-04-04,9955,14,2019-20,1
NA,2020-04-11,16099,15,2019-20,1
NA,2020-04-18,16995,16,2019-20,1
NA,2020-04-25,15346,17,2019-20,1
NA,2020-05-02,13061,18,2019-20,1
NA,2020-05-09,11081,19,2019-20,1
NA,2020-05-16,9081,20,2019-20,1
NA,2020-05-23,7076,21,2019-20,1
NA,2020-05-30,6032,22,2019-20,1
NA,2020-06-06,4904,23,2019-20,1
NA,2020-06-13,4110,24,2019-20,1
NA,2020-06-20,3685,25,2019-20,1
NA,2020-06-27,3582,26,2019-20,1
NA,2020-07-04,4050,27,2019-20,1
NA,2020-07-11,4740,28,2019-20,1
NA,2020-07-18,4954,29,2019-20,1
NA,2020-07-25,3109,30,2019-20,1
US,2014-01-04,0,1,2013-14,1
US,2014-01-04,0,53,2012-13,1
US,2014-01-11,0,2,2013-14,1
US,2014-01-18,0,3,2013-14,1
US,2014-01-25,0,4,2013-14,1
US,2014-02-01,0,5,2013-14,1
US,2014-02-08,0,6,2013-14,1
US,2014-02-15,0,7,2013-14,1
US,2014-02-22,0,8,2013-14,1
US,2014-03-01,0,9,2013-14,1
US,2014-03-08,0,10,2013-14,1
US,2014-03-15,0,11,2013-14,1
US,2014-03-22,0,12,2013-14,1
US,2014-03-29,0,13,2013-14,1
US,2014-04-05,0,14,2013-14,1
US,2014-04-12,0,15,2013-14,1
US,2014-04-19,0,16,2013-14,1
US,2014-04-26,0,17,2013-14,1
US,2014-05-03,0,18,2013-14,1
US,2014-05-10,0,19,2013-14,1
US,2014-05-17,0,20,2013-14,1
US,2014-05-24,0,21,2013-14,1
US,2014-05-31,0,22,2013-14,1
US,2014-06-07,0,23,2013-14,1
US,2014-06-14,0,24,2013-14,1
US,2014-06-21,0,25,2013-14,1
US,2014-06-28,0,26,2013-14,1
US,2014-07-05,0,27,2013-14,1
US,2014-07-12,0,28,2013-14,1
US,2014-07-19,0,29,2013-14,1
US,2014-07-26,0,30,2013-14,1
US,2014-08-02,0,31,2013-14,1
US,2014-08-09,0,32,2013-14,1
US,2014-08-16,0,33,2013-14,1
US,2014-08-23,0,34,2013-14,1
US,2014-08-30,0,35,2013-14,1
US,2014-09-06,0,36,2013-14,1
US,2014-09-13,0,37,2013-14,1
US,2014-09-20,0,38,2013-14,1
US,2014-09-27,0,39,2013-14,1
US,2014-10-04,0,40,2013-14,1
US,2014-10-11,0,41,2013-14,1
US,2014-10-18,0,42,2013-14,1
US,2014-10-25,0,43,2013-14,1
US,2014-11-01,0,44,2013-14,1
US,2014-11-08,0,45,2013-14,1
US,2014-11-15,0,46,2013-14,1
US,2014-11-22,0,47,2013-14,1
US,2014-11-29,0,48,2013-14,1
US,2014-12-06,0,49,2013-14,1
US,2014-12-13,0,50,2013-14,1
US,2014-12-20,0,51,2013-14,1
US,2014-12-27,0,52,2013-14,1
US,2015-01-03,0,1,2014-15,1
US,2015-01-10,0,2,2014-15,1
US,2015-01-17,0,3,2014-15,1
US,2015-01-24,0,4,2014-15,1
US,2015-01-31,0,5,2014-15,1
US,2015-02-07,0,6,2014-15,1
US,2015-02-14,0,7,2014-15,1
US,2015-02-21,0,8,2014-15,1
US,2015-02-28,0,9,2014-15,1
US,2015-03-07,0,10,2014-15,1
US,2015-03-14,0,11,2014-15,1
US,2015-03-21,0,12,2014-15,1
US,2015-03-28,0,13,2014-15,1
US,2015-04-04,0,14,2014-15,1
US,2015-04-11,0,15,2014-15,1
US,2015-04-18,0,16,2014-15,1
US,2015-04-25,0,17,2014-15,1
US,2015-05-02,0,18,2014-15,1
US,2015-05-09,0,19,2014-15,1
US,2015-05-16,0,20,2014-15,1
US,2015-05-23,0,21,2014-15,1
US,2015-05-30,0,22,2014-15,1
US,2015-06-06,0,23,2014-15,1
US,2015-06-13,0,24,2014-15,1
US,2015-06-20,0,25,2014-15,1
US,2015-06-27,0,26,2014-15,1
US,2015-07-04,0,27,2014-15,1
US,2015-07-11,0,28,2014-15,1
US,2015-07-18,0,29,2014-15,1
US,2015-07-25,0,30,2014-15,1
US,2015-08-01,0,31,2014-15,1
US,2015-08-08,0,32,2014-15,1
US,2015-08-15,0,33,2014-15,1
US,2015-08-22,0,34,2014-15,1
US,2015-08-29,0,35,2014-15,1
US,2015-09-05,0,36,2014-15,1
US,2015-09-12,0,37,2014-15,1
US,2015-09-19,0,38,2014-15,1
US,2015-09-26,0,39,2014-15,1
US,2015-10-03,0,40,2014-15,1
US,2015-10-10,0,41,2014-15,1
US,2015-10-17,0,42,2014-15,1
US,2015-10-24,0,43,2014-15,1
US,2015-10-31,0,44,2014-15,1
US,2015-11-07,0,45,2014-15,1
US,2015-11-14,0,46,2014-15,1
US,2015-11-21,0,47,2014-15,1
US,2015-11-28,0,48,2014-15,1
US,2015-12-05,0,49,2014-15,1
US,2015-12-12,0,50,2014-15,1
US,2015-12-19,0,51,2014-15,1
US,2015-12-26,0,52,2014-15,1
US,2016-01-02,0,53,2014-15,1
US,2016-01-09,0,1,2015-16,1
US,2016-01-16,0,2,2015-16,1
US,2016-01-23,0,3,2015-16,1
US,2016-01-30,0,4,2015-16,1
US,2016-02-06,0,5,2015-16,1
US,2016-02-13,0,6,2015-16,1
US,2016-02-20,0,7,2015-16,1
US,2016-02-27,0,8,2015-16,1
US,2016-03-05,0,9,2015-16,1
US,2016-03-12,0,10,2015-16,1
US,2016-03-19,0,11,2015-16,1
US,2016-03-26,0,12,2015-16,1
US,2016-04-02,0,13,2015-16,1
US,2016-04-09,0,14,2015-16,1
US,2016-04-16,0,15,2015-16,1
US,2016-04-23,0,16,2015-16,1
US,2016-04-30,0,17,2015-16,1
US,2016-05-07,0,18,2015-16,1
US,2016-05-14,0,19,2015-16,1
US,2016-05-21,0,20,2015-16,1
US,2016-05-28,0,21,2015-16,1
US,2016-06-04,0,22,2015-16,1
US,2016-06-11,0,23,2015-16,1
US,2016-06-18,0,24,2015-16,1
US,2016-06-25,0,25,2015-16,1
US,2016-07-02,0,26,2015-16,1
US,2016-07-09,0,27,2015-16,1
US,2016-07-16,0,28,2015-16,1
US,2016-07-23,0,29,2015-16,1
US,2016-07-30,0,30,2015-16,1
US,2016-08-06,0,31,2015-16,1
US,2016-08-13,0,32,2015-16,1
US,2016-08-20,0,33,2015-16,1
US,2016-08-27,0,34,2015-16,1
US,2016-09-03,0,35,2015-16,1
US,2016-09-10,0,36,2015-16,1
US,2016-09-17,0,37,2015-16,1
US,2016-09-24,0,38,2015-16,1
US,2016-10-01,0,39,2015-16,1
US,2016-10-08,0,40,2015-16,1
US,2016-10-15,0,41,2015-16,1
US,2016-10-22,0,42,2015-16,1
US,2016-10-29,0,43,2015-16,1
US,2016-11-05,0,44,2015-16,1
US,2016-11-12,0,45,2015-16,1
US,2016-11-19,0,46,2015-16,1
US,2016-11-26,0,47,2015-16,1
US,2016-12-03,0,48,2015-16,1
US,2016-12-10,0,49,2015-16,1
US,2016-12-17,0,50,2015-16,1
US,2016-12-24,0,51,2015-16,1
US,2016-12-31,0,52,2015-16,1
US,2017-01-07,0,1,2016-17,1
US,2017-01-14,0,2,2016-17,1
US,2017-01-21,0,3,2016-17,1
US,2017-01-28,0,4,2016-17,1
US,2017-02-04,0,5,2016-17,1
US,2017-02-11,0,6,2016-17,1
US,2017-02-18,0,7,2016-17,1
US,2017-02-25,0,8,2016-17,1
US,2017-03-04,0,9,2016-17,1
US,2017-03-11,0,10,2016-17,1
US,2017-03-18,0,11,2016-17,1
US,2017-03-25,0,12,2016-17,1
US,2017-04-01,0,13,2016-17,1
US,2017-04-08,0,14,2016-17,1
US,2017-04-15,0,15,2016-17,1
US,2017-04-22,0,16,2016-17,1
US,2017-04-29,0,17,2016-17,1
US,2017-05-06,0,18,2016-17,1
US,2017-05-13,0,19,2016-17,1
US,2017-05-20,0,20,2016-17,1
US,2017-05-27,0,21,2016-17,1
US,2017-06-03,0,22,2016-17,1
US,2017-06-10,0,23,2016-17,1
US,2017-06-17,0,24,2016-17,1
US,2017-06-24,0,25,2016-17,1
US,2017-07-01,0,26,2016-17,1
US,2017-07-08,0,27,2016-17,1
US,2017-07-15,0,28,2016-17,1
US,2017-07-22,0,29,2016-17,1
US,2017-07-29,0,30,2016-17,1
US,2017-08-05,0,31,2016-17,1
US,2017-08-12,0,32,2016-17,1
US,2017-08-19,0,33,2016-17,1
US,2017-08-26,0,34,2016-17,1
US,2017-09-02,0,35,2016-17,1
US,2017-09-09,0,36,2016-17,1
US,2017-09-16,0,37,2016-17,1
US,2017-09-23,0,38,2016-17,1
US,2017-09-30,0,39,2016-17,1
US,2017-10-07,0,40,2016-17,1
US,2017-10-14,0,41,2016-17,1
US,2017-10-21,0,42,2016-17,1
US,2017-10-28,0,43,2016-17,1
US,2017-11-04,0,44,2016-17,1
US,2017-11-11,0,45,2016-17,1
US,2017-11-18,0,46,2016-17,1
US,2017-11-25,0,47,2016-17,1
US,2017-12-02,0,48,2016-17,1
US,2017-12-09,0,49,2016-17,1
US,2017-12-16,0,50,2016-17,1
US,2017-12-23,0,51,2016-17,1
US,2017-12-30,0,52,2016-17,1
US,2018-01-06,0,1,2017-18,1
US,2018-01-13,0,2,2017-18,1
US,2018-01-20,0,3,2017-18,1
US,2018-01-27,0,4,2017-18,1
US,2018-02-03,0,5,2017-18,1
US,2018-02-10,0,6,2017-18,1
US,2018-02-17,0,7,2017-18,1
US,2018-02-24,0,8,2017-18,1
US,2018-03-03,0,9,2017-18,1
US,2018-03-10,0,10,2017-18,1
US,2018-03-17,0,11,2017-18,1
US,2018-03-24,0,12,2017-18,1
US,2018-03-31,0,13,2017-18,1
US,2018-04-07,0,14,2017-18,1
US,2018-04-14,0,15,2017-18,1
US,2018-04-21,0,16,2017-18,1
US,2018-04-28,0,17,2017-18,1
US,2018-05-05,0,18,2017-18,1
US,2018-05-12,0,19,2017-18,1
US,2018-05-19,0,20,2017-18,1
US,2018-05-26,0,21,2017-18,1
US,2018-06-02,0,22,2017-18,1
US,2018-06-09,0,23,2017-18,1
US,2018-06-16,0,24,2017-18,1
US,2018-06-23,0,25,2017-18,1
US,2018-06-30,0,26,2017-18,1
US,2018-07-07,0,27,2017-18,1
US,2018-07-14,0,28,2017-18,1
US,2018-07-21,0,29,2017-18,1
US,2018-07-28,0,30,2017-18,1
US,2018-08-04,0,31,2017-18,1
US,2018-08-11,0,32,2017-18,1
US,2018-08-18,0,33,2017-18,1
US,2018-08-25,0,34,2017-18,1
US,2018-09-01,0,35,2017-18,1
US,2018-09-08,0,36,2017-18,1
US,2018-09-15,0,37,2017-18,1
US,2018-09-22,0,38,2017-18,1
US,2018-09-29,0,39,2017-18,1
US,2018-10-06,0,40,2017-18,1
US,2018-10-13,0,41,2017-18,1
US,2018-10-20,0,42,2017-18,1
US,2018-10-27,0,43,2017-18,1
US,2018-11-03,0,44,2017-18,1
US,2018-11-10,0,45,2017-18,1
US,2018-11-17,0,46,2017-18,1
US,2018-11-24,0,47,2017-18,1
US,2018-12-01,0,48,2017-18,1
US,2018-12-08,0,49,2017-18,1
US,2018-12-15,0,50,2017-18,1
US,2018-12-22,0,51,2017-18,1
US,2018-12-29,0,52,2017-18,1
US,2019-01-05,0,1,2018-19,1
US,2019-01-12,0,2,2018-19,1
US,2019-01-19,0,3,2018-19,1
US,2019-01-26,0,4,2018-19,1
US,2019-02-02,0,5,2018-19,1
US,2019-02-09,0,6,2018-19,1
US,2019-02-16,0,7,2018-19,1
US,2019-02-23,0,8,2018-19,1
US,2019-03-02,0,9,2018-19,1
US,2019-03-09,0,10,2018-19,1
US,2019-03-16,0,11,2018-19,1
US,2019-03-23,0,12,2018-19,1
US,2019-03-30,0,13,2018-19,1
US,2019-04-06,0,14,2018-19,1
US,2019-04-13,0,15,2018-19,1
US,2019-04-20,0,16,2018-19,1
US,2019-04-27,0,17,2018-19,1
US,2019-05-04,0,18,2018-19,1
US,2019-05-11,0,19,2018-19,1
US,2019-05-18,0,20,2018-19,1
US,2019-05-25,0,21,2018-19,1
US,2019-06-01,0,22,2018-19,1
US,2019-06-08,0,23,2018-19,1
US,2019-06-15,0,24,2018-19,1
US,2019-06-22,0,25,2018-19,1
US,2019-06-29,0,26,2018-19,1
US,2019-07-06,0,27,2018-19,1
US,2019-07-13,0,28,2018-19,1
US,2019-07-20,0,29,2018-19,1
US,2019-07-27,0,30,2018-19,1
US,2019-08-03,0,31,2018-19,1
US,2019-08-10,0,32,2018-19,1
US,2019-08-17,0,33,2018-19,1
US,2019-08-24,0,34,2018-19,1
US,2019-08-31,0,35,2018-19,1
US,2019-09-07,0,36,2018-19,1
US,2019-09-14,0,37,2018-19,1
US,2019-09-21,0,38,2018-19,1
US,2019-09-28,0,39,2018-19,1
US,2019-10-05,0,40,2018-19,1
US,2019-10-12,0,41,2018-19,1
US,2019-10-19,0,42,2018-19,1
US,2019-10-26,0,43,2018-19,1
US,2019-11-02,0,44,2018-19,1
US,2019-11-09,0,45,2018-19,1
US,2019-11-16,0,46,2018-19,1
US,2019-11-23,0,47,2018-19,1
US,2019-11-30,0,48,2018-19,1
US,2019-12-07,0,49,2018-19,1
US,2019-12-14,0,50,2018-19,1
US,2019-12-21,0,51,2018-19,1
US,2019-12-28,0,52,2018-19,1
US,2020-01-04,1,1,2019-20,1
US,2020-01-11,0,2,2019-20,1
US,2020-01-18,2,3,2019-20,1
US,2020-01-25,1,4,2019-20,1
US,2020-02-01,0,5,2019-20,1
US,2020-02-08,1,6,2019-20,1
US,2020-02-15,0,7,2019-20,1
US,2020-02-22,5,8,2019-20,1
US,2020-02-29,7,9,2019-20,1
US,2020-03-07,56,10,2019-20,1
US,2020-03-14,78,11,2019-20,1
US,2020-03-21,1053,12,2019-20,1
US,2020-03-28,6218,13,2019-20,1
US,2020-04-04,19851,14,2019-20,1
US,2020-04-11,32162,15,2019-20,1
US,2020-04-18,33969,16,2019-20,1
US,2020-04-25,30676,17,2019-20,1
US,2020-05-02,26094,18,2019-20,1
US,2020-05-09,22143,19,2019-20,1
US,2020-05-16,18141,20,2019-20,1
US,2020-05-23,14104,21,2019-20,1
US,2020-05-30,12050,22,2019-20,1
US,2020-06-06,9766,23,2019-20,1
US,2020-06-13,8193,24,2019-20,1
US,2020-06-20,7347,25,2019-20,1
US,2020-06-27,7141,26,2019-20,1
US,2020-07-04,8062,27,2019-20,1
US,2020-07-11,9437,28,2019-20,1
US,2020-07-18,9846,29,2019-20,1
US,2020-07-25,6172,30,2019-20,1
