"","pred.med","pred.lcl","preds.ucl","obs","death_date","state"
"Alabama.2020-04-04",1166,1166,1166,1167,2020-04-04,"Alabama"
"Alabama.2020-04-11",1139,1139,1139,1139,2020-04-11,"Alabama"
"Alabama.2020-04-18",1148,1145,1155,1145,2020-04-18,"Alabama"
"Alabama.2020-04-25",1151,1144,1161,1144,2020-04-25,"Alabama"
"Alabama.2020-05-02",1149,1139,1160,1138,2020-05-02,"Alabama"
"Alabama.2020-05-09",1192,1180,1205,1176,2020-05-09,"Alabama"
"Alabama.2020-05-16",1162,1148,1177,1141,2020-05-16,"Alabama"
"Alabama.2020-05-23",1160,1143,1178,1132,2020-05-23,"Alabama"
"Alabama.2020-05-30",1128,1107,1151,1090,2020-05-30,"Alabama"
"Alabama.2020-06-06",1194,1168,1223,1141,2020-06-06,"Alabama"
"Alabama.2020-06-13",1164,1126,1208,1084,2020-06-13,"Alabama"
"Alabama.2020-06-20",1152,1093,1224,1027,2020-06-20,"Alabama"
"Alabama.2020-06-27",1377,642,2424,112,2020-06-27,"Alabama"
"Alaska.2020-04-04",100,100,100,100,2020-04-04,"Alaska"
"Alaska.2020-04-11",83,83,83,83,2020-04-11,"Alaska"
"Alaska.2020-04-18",84,84,85,84,2020-04-18,"Alaska"
"Alaska.2020-04-25",69,69,72,69,2020-04-25,"Alaska"
"Alaska.2020-05-02",87,86,90,86,2020-05-02,"Alaska"
"Alaska.2020-05-09",96,94,99,94,2020-05-09,"Alaska"
"Alaska.2020-05-16",87,84,90,84,2020-05-16,"Alaska"
"Alaska.2020-05-23",86,83,90,83,2020-05-23,"Alaska"
"Alaska.2020-05-30",104,100,110,99,2020-05-30,"Alaska"
"Alaska.2020-06-06",82,76,88,74,2020-06-06,"Alaska"
"Alaska.2020-06-13",92,85,99,82,2020-06-13,"Alaska"
"Alaska.2020-06-20",84,76,93,69,2020-06-20,"Alaska"
"Alaska.2020-06-27",86,75,97,64,2020-06-27,"Alaska"
"Arizona.2020-04-04",1320,1320,1320,1320,2020-04-04,"Arizona"
"Arizona.2020-04-11",1371,1371,1371,1371,2020-04-11,"Arizona"
"Arizona.2020-04-18",1286,1286,1289,1286,2020-04-18,"Arizona"
"Arizona.2020-04-25",1369,1368,1372,1368,2020-04-25,"Arizona"
"Arizona.2020-05-02",1378,1375,1383,1375,2020-05-02,"Arizona"
"Arizona.2020-05-09",1398,1393,1403,1393,2020-05-09,"Arizona"
"Arizona.2020-05-16",1296,1290,1302,1289,2020-05-16,"Arizona"
"Arizona.2020-05-23",1248,1242,1256,1239,2020-05-23,"Arizona"
"Arizona.2020-05-30",1296,1287,1305,1283,2020-05-30,"Arizona"
"Arizona.2020-06-06",1390,1381,1402,1372,2020-06-06,"Arizona"
"Arizona.2020-06-13",1470,1456,1485,1442,2020-06-13,"Arizona"
"Arizona.2020-06-20",1555,1536,1577,1511,2020-06-20,"Arizona"
"Arizona.2020-06-27",1613,1583,1646,1544,2020-06-27,"Arizona"
"Arkansas.2020-04-04",618,618,618,618,2020-04-04,"Arkansas"
"Arkansas.2020-04-11",632,632,632,632,2020-04-11,"Arkansas"
"Arkansas.2020-04-18",640,640,642,640,2020-04-18,"Arkansas"
"Arkansas.2020-04-25",622,622,624,622,2020-04-25,"Arkansas"
"Arkansas.2020-05-02",631,630,634,630,2020-05-02,"Arkansas"
"Arkansas.2020-05-09",663,661,667,661,2020-05-09,"Arkansas"
"Arkansas.2020-05-16",596,593,600,593,2020-05-16,"Arkansas"
"Arkansas.2020-05-23",655,650,660,650,2020-05-23,"Arkansas"
"Arkansas.2020-05-30",629,624,636,622,2020-05-30,"Arkansas"
"Arkansas.2020-06-06",659,651,666,649,2020-06-06,"Arkansas"
"Arkansas.2020-06-13",675,666,684,661,2020-06-13,"Arkansas"
"Arkansas.2020-06-20",708,695,721,683,2020-06-20,"Arkansas"
"Arkansas.2020-06-27",679,656,702,631,2020-06-27,"Arkansas"
"California.2020-04-04",5955,5955,5955,5958,2020-04-04,"California"
"California.2020-04-11",6008,6008,6008,6008,2020-04-11,"California"
"California.2020-04-18",6100,6097,6108,6097,2020-04-18,"California"
"California.2020-04-25",5912,5906,5922,5906,2020-04-25,"California"
"California.2020-05-02",5691,5680,5704,5678,2020-05-02,"California"
"California.2020-05-09",5646,5633,5660,5629,2020-05-09,"California"
"California.2020-05-16",5668,5648,5691,5637,2020-05-16,"California"
"California.2020-05-23",5552,5526,5582,5506,2020-05-23,"California"
"California.2020-05-30",5580,5550,5615,5521,2020-05-30,"California"
"California.2020-06-06",5516,5479,5559,5437,2020-06-06,"California"
"California.2020-06-13",5584,5531,5645,5466,2020-06-13,"California"
"California.2020-06-20",5500,5413,5611,5310,2020-06-20,"California"
"California.2020-06-27",5797,5637,5989,5474,2020-06-27,"California"
"Colorado.2020-04-04",970,970,970,970,2020-04-04,"Colorado"
"Colorado.2020-04-11",1092,1092,1092,1092,2020-04-11,"Colorado"
"Colorado.2020-04-18",1112,1111,1115,1111,2020-04-18,"Colorado"
"Colorado.2020-04-25",1063,1061,1067,1061,2020-04-25,"Colorado"
"Colorado.2020-05-02",993,991,997,991,2020-05-02,"Colorado"
"Colorado.2020-05-09",894,892,899,892,2020-05-09,"Colorado"
"Colorado.2020-05-16",871,867,877,867,2020-05-16,"Colorado"
"Colorado.2020-05-23",846,840,853,839,2020-05-23,"Colorado"
"Colorado.2020-05-30",821,813,830,812,2020-05-30,"Colorado"
"Colorado.2020-06-06",815,806,825,803,2020-06-06,"Colorado"
"Colorado.2020-06-13",803,792,815,787,2020-06-13,"Colorado"
"Colorado.2020-06-20",849,835,865,826,2020-06-20,"Colorado"
"Colorado.2020-06-27",845,826,870,810,2020-06-27,"Colorado"
"Delaware.2020-04-04",213,213,213,214,2020-04-04,"Delaware"
"Delaware.2020-04-11",221,221,221,221,2020-04-11,"Delaware"
"Delaware.2020-04-18",226,225,236,225,2020-04-18,"Delaware"
"Delaware.2020-04-25",284,281,296,281,2020-04-25,"Delaware"
"Delaware.2020-05-02",258,253,273,253,2020-05-02,"Delaware"
"Delaware.2020-05-09",268,260,287,260,2020-05-09,"Delaware"
"Delaware.2020-05-16",283,268,311,268,2020-05-16,"Delaware"
"Delaware.2020-05-23",248,226,285,224,2020-05-23,"Delaware"
"Delaware.2020-05-30",247,216,300,209,2020-05-30,"Delaware"
"Delaware.2020-06-06",230,187,295,179,2020-06-06,"Delaware"
"Delaware.2020-06-13",370,181,751,137,2020-06-13,"Delaware"
"Delaware.2020-06-20",281,87,660,32,2020-06-20,"Delaware"
"Delaware.2020-06-27",281,209,393,182,2020-06-27,"Delaware"
"District of Columbia.2020-04-04",127,127,127,127,2020-04-04,"District of Columbia"
"District of Columbia.2020-04-11",179,179,179,179,2020-04-11,"District of Columbia"
"District of Columbia.2020-04-18",178,178,181,178,2020-04-18,"District of Columbia"
"District of Columbia.2020-04-25",210,206,216,206,2020-04-25,"District of Columbia"
"District of Columbia.2020-05-02",194,189,201,189,2020-05-02,"District of Columbia"
"District of Columbia.2020-05-09",202,195,209,195,2020-05-09,"District of Columbia"
"District of Columbia.2020-05-16",151,145,158,145,2020-05-16,"District of Columbia"
"District of Columbia.2020-05-23",156,148,163,147,2020-05-23,"District of Columbia"
"District of Columbia.2020-05-30",156,149,165,145,2020-05-30,"District of Columbia"
"District of Columbia.2020-06-06",124,115,134,110,2020-06-06,"District of Columbia"
"District of Columbia.2020-06-13",144,133,156,125,2020-06-13,"District of Columbia"
"District of Columbia.2020-06-20",126,112,141,101,2020-06-20,"District of Columbia"
"District of Columbia.2020-06-27",124,106,143,90,2020-06-27,"District of Columbia"
"Florida.2020-04-04",4374,4374,4374,4374,2020-04-04,"Florida"
"Florida.2020-04-11",4453,4453,4453,4453,2020-04-11,"Florida"
"Florida.2020-04-18",4330,4330,4332,4330,2020-04-18,"Florida"
"Florida.2020-04-25",4490,4487,4497,4487,2020-04-25,"Florida"
"Florida.2020-05-02",4293,4286,4301,4286,2020-05-02,"Florida"
"Florida.2020-05-09",4321,4313,4331,4312,2020-05-09,"Florida"
"Florida.2020-05-16",4242,4232,4254,4228,2020-05-16,"Florida"
"Florida.2020-05-23",4309,4297,4322,4292,2020-05-23,"Florida"
"Florida.2020-05-30",4147,4133,4164,4123,2020-05-30,"Florida"
"Florida.2020-06-06",4219,4200,4242,4184,2020-06-06,"Florida"
"Florida.2020-06-13",4224,4195,4257,4168,2020-06-13,"Florida"
"Florida.2020-06-20",4403,4356,4462,4309,2020-06-20,"Florida"
"Florida.2020-06-27",4542,4445,4673,4361,2020-06-27,"Florida"
"Georgia.2020-04-04",1990,1990,1990,1999,2020-04-04,"Georgia"
"Georgia.2020-04-11",2002,2002,2002,2002,2020-04-11,"Georgia"
"Georgia.2020-04-18",1988,1979,2002,1978,2020-04-18,"Georgia"
"Georgia.2020-04-25",2007,1992,2027,1983,2020-04-25,"Georgia"
"Georgia.2020-05-02",1957,1938,1980,1922,2020-05-02,"Georgia"
"Georgia.2020-05-09",1978,1953,2004,1927,2020-05-09,"Georgia"
"Georgia.2020-05-16",1927,1898,1959,1859,2020-05-16,"Georgia"
"Georgia.2020-05-23",1906,1871,1943,1816,2020-05-23,"Georgia"
"Georgia.2020-05-30",1796,1757,1843,1678,2020-05-30,"Georgia"
"Georgia.2020-06-06",1799,1749,1852,1648,2020-06-06,"Georgia"
"Georgia.2020-06-13",1778,1713,1849,1574,2020-06-13,"Georgia"
"Georgia.2020-06-20",1848,1762,1948,1564,2020-06-20,"Georgia"
"Georgia.2020-06-27",1918,1787,2066,1509,2020-06-27,"Georgia"
"Hawaii.2020-04-04",232,232,232,232,2020-04-04,"Hawaii"
"Hawaii.2020-04-11",221,221,221,221,2020-04-11,"Hawaii"
"Hawaii.2020-04-18",205,205,209,205,2020-04-18,"Hawaii"
"Hawaii.2020-04-25",200,200,204,200,2020-04-25,"Hawaii"
"Hawaii.2020-05-02",221,221,225,221,2020-05-02,"Hawaii"
"Hawaii.2020-05-09",213,212,217,212,2020-05-09,"Hawaii"
"Hawaii.2020-05-16",236,235,241,235,2020-05-16,"Hawaii"
"Hawaii.2020-05-23",207,205,211,205,2020-05-23,"Hawaii"
"Hawaii.2020-05-30",204,202,209,202,2020-05-30,"Hawaii"
"Hawaii.2020-06-06",218,215,223,215,2020-06-06,"Hawaii"
"Hawaii.2020-06-13",202,199,208,199,2020-06-13,"Hawaii"
"Hawaii.2020-06-20",247,242,253,242,2020-06-20,"Hawaii"
"Hawaii.2020-06-27",241,234,250,233,2020-06-27,"Hawaii"
"Idaho.2020-04-04",273,273,273,273,2020-04-04,"Idaho"
"Idaho.2020-04-11",307,307,307,307,2020-04-11,"Idaho"
"Idaho.2020-04-18",284,284,285,284,2020-04-18,"Idaho"
"Idaho.2020-04-25",264,264,266,264,2020-04-25,"Idaho"
"Idaho.2020-05-02",246,246,248,246,2020-05-02,"Idaho"
"Idaho.2020-05-09",302,302,304,302,2020-05-09,"Idaho"
"Idaho.2020-05-16",273,273,275,273,2020-05-16,"Idaho"
"Idaho.2020-05-23",260,260,262,260,2020-05-23,"Idaho"
"Idaho.2020-05-30",278,277,280,277,2020-05-30,"Idaho"
"Idaho.2020-06-06",289,288,291,288,2020-06-06,"Idaho"
"Idaho.2020-06-13",289,288,293,288,2020-06-13,"Idaho"
"Idaho.2020-06-20",285,281,290,281,2020-06-20,"Idaho"
"Idaho.2020-06-27",291,283,302,282,2020-06-27,"Idaho"
"Illinois.2020-04-04",2691,2691,2691,2692,2020-04-04,"Illinois"
"Illinois.2020-04-11",2936,2936,2936,2936,2020-04-11,"Illinois"
"Illinois.2020-04-18",2989,2989,2992,2989,2020-04-18,"Illinois"
"Illinois.2020-04-25",3058,3056,3062,3056,2020-04-25,"Illinois"
"Illinois.2020-05-02",3008,3002,3014,3002,2020-05-02,"Illinois"
"Illinois.2020-05-09",3027,3020,3034,3018,2020-05-09,"Illinois"
"Illinois.2020-05-16",2920,2911,2929,2906,2020-05-16,"Illinois"
"Illinois.2020-05-23",2690,2679,2701,2670,2020-05-23,"Illinois"
"Illinois.2020-05-30",2592,2580,2606,2566,2020-05-30,"Illinois"
"Illinois.2020-06-06",2571,2553,2587,2534,2020-06-06,"Illinois"
"Illinois.2020-06-13",2362,2343,2382,2314,2020-06-13,"Illinois"
"Illinois.2020-06-20",2352,2327,2379,2282,2020-06-20,"Illinois"
"Illinois.2020-06-27",2238,2201,2285,2124,2020-06-27,"Illinois"
"Indiana.2020-04-04",1545,1545,1545,1546,2020-04-04,"Indiana"
"Indiana.2020-04-11",1609,1609,1609,1609,2020-04-11,"Indiana"
"Indiana.2020-04-18",1478,1477,1481,1477,2020-04-18,"Indiana"
"Indiana.2020-04-25",1572,1569,1577,1569,2020-04-25,"Indiana"
"Indiana.2020-05-02",1498,1493,1505,1493,2020-05-02,"Indiana"
"Indiana.2020-05-09",1555,1549,1563,1548,2020-05-09,"Indiana"
"Indiana.2020-05-16",1544,1534,1555,1531,2020-05-16,"Indiana"
"Indiana.2020-05-23",1448,1434,1464,1425,2020-05-23,"Indiana"
"Indiana.2020-05-30",1378,1359,1398,1343,2020-05-30,"Indiana"
"Indiana.2020-06-06",1392,1369,1418,1344,2020-06-06,"Indiana"
"Indiana.2020-06-13",1396,1366,1432,1326,2020-06-13,"Indiana"
"Indiana.2020-06-20",1337,1295,1388,1235,2020-06-20,"Indiana"
"Indiana.2020-06-27",1402,1334,1481,1241,2020-06-27,"Indiana"
"Iowa.2020-04-04",607,607,607,607,2020-04-04,"Iowa"
"Iowa.2020-04-11",605,605,605,605,2020-04-11,"Iowa"
"Iowa.2020-04-18",637,636,640,636,2020-04-18,"Iowa"
"Iowa.2020-04-25",598,596,602,596,2020-04-25,"Iowa"
"Iowa.2020-05-02",671,667,676,667,2020-05-02,"Iowa"
"Iowa.2020-05-09",695,691,702,690,2020-05-09,"Iowa"
"Iowa.2020-05-16",675,669,681,668,2020-05-16,"Iowa"
"Iowa.2020-05-23",617,610,625,608,2020-05-23,"Iowa"
"Iowa.2020-05-30",621,614,630,610,2020-05-30,"Iowa"
"Iowa.2020-06-06",595,585,605,579,2020-06-06,"Iowa"
"Iowa.2020-06-13",611,599,624,589,2020-06-13,"Iowa"
"Iowa.2020-06-20",581,564,599,545,2020-06-20,"Iowa"
"Iowa.2020-06-27",563,540,588,510,2020-06-27,"Iowa"
"Kansas.2020-04-04",558,558,558,558,2020-04-04,"Kansas"
"Kansas.2020-04-11",542,542,542,542,2020-04-11,"Kansas"
"Kansas.2020-04-18",563,563,563,563,2020-04-18,"Kansas"
"Kansas.2020-04-25",555,555,557,555,2020-04-25,"Kansas"
"Kansas.2020-05-02",523,522,527,522,2020-05-02,"Kansas"
"Kansas.2020-05-09",518,516,522,516,2020-05-09,"Kansas"
"Kansas.2020-05-16",546,541,552,541,2020-05-16,"Kansas"
"Kansas.2020-05-23",531,526,538,525,2020-05-23,"Kansas"
"Kansas.2020-05-30",537,530,545,529,2020-05-30,"Kansas"
"Kansas.2020-06-06",526,517,535,514,2020-06-06,"Kansas"
"Kansas.2020-06-13",531,521,544,515,2020-06-13,"Kansas"
"Kansas.2020-06-20",523,509,541,499,2020-06-20,"Kansas"
"Kansas.2020-06-27",557,535,586,518,2020-06-27,"Kansas"
"Kentucky.2020-04-04",1038,1038,1038,1044,2020-04-04,"Kentucky"
"Kentucky.2020-04-11",1024,1024,1024,1024,2020-04-11,"Kentucky"
"Kentucky.2020-04-18",954,951,959,951,2020-04-18,"Kentucky"
"Kentucky.2020-04-25",961,954,969,952,2020-04-25,"Kentucky"
"Kentucky.2020-05-02",1002,994,1011,989,2020-05-02,"Kentucky"
"Kentucky.2020-05-09",1009,999,1020,989,2020-05-09,"Kentucky"
"Kentucky.2020-05-16",988,975,1000,960,2020-05-16,"Kentucky"
"Kentucky.2020-05-23",976,961,991,939,2020-05-23,"Kentucky"
"Kentucky.2020-05-30",999,982,1017,948,2020-05-30,"Kentucky"
"Kentucky.2020-06-06",904,882,924,837,2020-06-06,"Kentucky"
"Kentucky.2020-06-13",988,963,1014,896,2020-06-13,"Kentucky"
"Kentucky.2020-06-20",976,944,1011,844,2020-06-20,"Kentucky"
"Kentucky.2020-06-27",954,906,1003,755,2020-06-27,"Kentucky"
"Louisiana.2020-04-04",1367,1367,1367,1369,2020-04-04,"Louisiana"
"Louisiana.2020-04-11",1504,1504,1504,1504,2020-04-11,"Louisiana"
"Louisiana.2020-04-18",1350,1346,1357,1346,2020-04-18,"Louisiana"
"Louisiana.2020-04-25",1237,1227,1247,1225,2020-04-25,"Louisiana"
"Louisiana.2020-05-02",1171,1160,1185,1152,2020-05-02,"Louisiana"
"Louisiana.2020-05-09",1139,1121,1156,1107,2020-05-09,"Louisiana"
"Louisiana.2020-05-16",1113,1092,1137,1064,2020-05-16,"Louisiana"
"Louisiana.2020-05-23",1074,1049,1102,1010,2020-05-23,"Louisiana"
"Louisiana.2020-05-30",1068,1038,1099,988,2020-05-30,"Louisiana"
"Louisiana.2020-06-06",1021,985,1056,920,2020-06-06,"Louisiana"
"Louisiana.2020-06-13",956,913,999,829,2020-06-13,"Louisiana"
"Louisiana.2020-06-20",1002,946,1056,834,2020-06-20,"Louisiana"
"Louisiana.2020-06-27",1036,964,1119,799,2020-06-27,"Louisiana"
"Maine.2020-04-04",304,304,304,304,2020-04-04,"Maine"
"Maine.2020-04-11",311,311,311,311,2020-04-11,"Maine"
"Maine.2020-04-18",325,325,325,325,2020-04-18,"Maine"
"Maine.2020-04-25",294,294,295,294,2020-04-25,"Maine"
"Maine.2020-05-02",292,292,293,292,2020-05-02,"Maine"
"Maine.2020-05-09",299,299,302,299,2020-05-09,"Maine"
"Maine.2020-05-16",254,254,257,254,2020-05-16,"Maine"
"Maine.2020-05-23",273,272,275,272,2020-05-23,"Maine"
"Maine.2020-05-30",304,303,307,303,2020-05-30,"Maine"
"Maine.2020-06-06",259,258,262,258,2020-06-06,"Maine"
"Maine.2020-06-13",256,254,259,254,2020-06-13,"Maine"
"Maine.2020-06-20",278,275,283,275,2020-06-20,"Maine"
"Maine.2020-06-27",297,292,304,292,2020-06-27,"Maine"
"Maryland.2020-04-04",1202,1202,1202,1204,2020-04-04,"Maryland"
"Maryland.2020-04-11",1356,1356,1356,1356,2020-04-11,"Maryland"
"Maryland.2020-04-18",1373,1373,1375,1373,2020-04-18,"Maryland"
"Maryland.2020-04-25",1545,1544,1548,1544,2020-04-25,"Maryland"
"Maryland.2020-05-02",1511,1508,1516,1508,2020-05-02,"Maryland"
"Maryland.2020-05-09",1439,1435,1445,1434,2020-05-09,"Maryland"
"Maryland.2020-05-16",1419,1411,1427,1409,2020-05-16,"Maryland"
"Maryland.2020-05-23",1340,1330,1351,1324,2020-05-23,"Maryland"
"Maryland.2020-05-30",1273,1262,1284,1255,2020-05-30,"Maryland"
"Maryland.2020-06-06",1184,1171,1196,1163,2020-06-06,"Maryland"
"Maryland.2020-06-13",1164,1149,1179,1137,2020-06-13,"Maryland"
"Maryland.2020-06-20",1073,1056,1093,1037,2020-06-20,"Maryland"
"Maryland.2020-06-27",1031,1003,1061,974,2020-06-27,"Maryland"
"Massachusetts.2020-04-04",1539,1539,1539,1539,2020-04-04,"Massachusetts"
"Massachusetts.2020-04-11",2018,2018,2018,2018,2020-04-11,"Massachusetts"
"Massachusetts.2020-04-18",2479,2477,2488,2477,2020-04-18,"Massachusetts"
"Massachusetts.2020-04-25",2529,2522,2547,2522,2020-04-25,"Massachusetts"
"Massachusetts.2020-05-02",2302,2290,2323,2290,2020-05-02,"Massachusetts"
"Massachusetts.2020-05-09",2041,2031,2060,2029,2020-05-09,"Massachusetts"
"Massachusetts.2020-05-16",1891,1872,1918,1869,2020-05-16,"Massachusetts"
"Massachusetts.2020-05-23",1585,1559,1624,1552,2020-05-23,"Massachusetts"
"Massachusetts.2020-05-30",1372,1347,1410,1340,2020-05-30,"Massachusetts"
"Massachusetts.2020-06-06",1238,1212,1276,1203,2020-06-06,"Massachusetts"
"Massachusetts.2020-06-13",1160,1129,1201,1118,2020-06-13,"Massachusetts"
"Massachusetts.2020-06-20",1163,1125,1216,1106,2020-06-20,"Massachusetts"
"Massachusetts.2020-06-27",1127,1075,1205,1051,2020-06-27,"Massachusetts"
"Michigan.2020-04-04",3121,3121,3121,3125,2020-04-04,"Michigan"
"Michigan.2020-04-11",3370,3370,3370,3370,2020-04-11,"Michigan"
"Michigan.2020-04-18",3154,3151,3161,3151,2020-04-18,"Michigan"
"Michigan.2020-04-25",2784,2777,2795,2776,2020-04-25,"Michigan"
"Michigan.2020-05-02",2585,2575,2598,2572,2020-05-02,"Michigan"
"Michigan.2020-05-09",2129,2116,2145,2110,2020-05-09,"Michigan"
"Michigan.2020-05-16",2014,1996,2035,1986,2020-05-16,"Michigan"
"Michigan.2020-05-23",2062,2041,2085,2026,2020-05-23,"Michigan"
"Michigan.2020-05-30",2000,1977,2024,1959,2020-05-30,"Michigan"
"Michigan.2020-06-06",2048,2024,2077,1999,2020-06-06,"Michigan"
"Michigan.2020-06-13",1920,1889,1958,1854,2020-06-13,"Michigan"
"Michigan.2020-06-20",1947,1900,1997,1852,2020-06-20,"Michigan"
"Michigan.2020-06-27",2020,1951,2106,1878,2020-06-27,"Michigan"
"Minnesota.2020-04-04",923,923,923,924,2020-04-04,"Minnesota"
"Minnesota.2020-04-11",945,945,945,945,2020-04-11,"Minnesota"
"Minnesota.2020-04-18",957,955,962,955,2020-04-18,"Minnesota"
"Minnesota.2020-04-25",1020,1015,1028,1014,2020-04-25,"Minnesota"
"Minnesota.2020-05-02",1055,1049,1064,1047,2020-05-02,"Minnesota"
"Minnesota.2020-05-09",1057,1048,1066,1046,2020-05-09,"Minnesota"
"Minnesota.2020-05-16",1011,1002,1022,997,2020-05-16,"Minnesota"
"Minnesota.2020-05-23",1024,1012,1037,1004,2020-05-23,"Minnesota"
"Minnesota.2020-05-30",1034,1020,1050,1007,2020-05-30,"Minnesota"
"Minnesota.2020-06-06",1056,1039,1073,1022,2020-06-06,"Minnesota"
"Minnesota.2020-06-13",988,968,1010,942,2020-06-13,"Minnesota"
"Minnesota.2020-06-20",946,924,974,887,2020-06-20,"Minnesota"
"Minnesota.2020-06-27",858,823,896,772,2020-06-27,"Minnesota"
"Mississippi.2020-04-04",721,721,721,722,2020-04-04,"Mississippi"
"Mississippi.2020-04-11",707,707,707,707,2020-04-11,"Mississippi"
"Mississippi.2020-04-18",743,743,745,743,2020-04-18,"Mississippi"
"Mississippi.2020-04-25",754,752,760,752,2020-04-25,"Mississippi"
"Mississippi.2020-05-02",751,747,758,747,2020-05-02,"Mississippi"
"Mississippi.2020-05-09",754,748,762,747,2020-05-09,"Mississippi"
"Mississippi.2020-05-16",795,787,804,785,2020-05-16,"Mississippi"
"Mississippi.2020-05-23",731,721,742,717,2020-05-23,"Mississippi"
"Mississippi.2020-05-30",781,770,794,763,2020-05-30,"Mississippi"
"Mississippi.2020-06-06",746,732,761,723,2020-06-06,"Mississippi"
"Mississippi.2020-06-13",732,714,751,699,2020-06-13,"Mississippi"
"Mississippi.2020-06-20",760,734,788,708,2020-06-20,"Mississippi"
"Mississippi.2020-06-27",743,702,789,660,2020-06-27,"Mississippi"
"Missouri.2020-04-04",1247,1247,1247,1247,2020-04-04,"Missouri"
"Missouri.2020-04-11",1408,1408,1408,1408,2020-04-11,"Missouri"
"Missouri.2020-04-18",1291,1290,1294,1290,2020-04-18,"Missouri"
"Missouri.2020-04-25",1391,1388,1396,1388,2020-04-25,"Missouri"
"Missouri.2020-05-02",1334,1328,1341,1327,2020-05-02,"Missouri"
"Missouri.2020-05-09",1348,1340,1357,1334,2020-05-09,"Missouri"
"Missouri.2020-05-16",1296,1285,1308,1273,2020-05-16,"Missouri"
"Missouri.2020-05-23",1242,1226,1256,1208,2020-05-23,"Missouri"
"Missouri.2020-05-30",1174,1156,1191,1129,2020-05-30,"Missouri"
"Missouri.2020-06-06",1211,1189,1234,1143,2020-06-06,"Missouri"
"Missouri.2020-06-13",1202,1171,1232,1102,2020-06-13,"Missouri"
"Missouri.2020-06-20",1206,1166,1246,1063,2020-06-20,"Missouri"
"Missouri.2020-06-27",1238,1185,1297,1034,2020-06-27,"Missouri"
"Montana.2020-04-04",184,184,184,184,2020-04-04,"Montana"
"Montana.2020-04-11",217,217,217,217,2020-04-11,"Montana"
"Montana.2020-04-18",208,87,397,68,2020-04-18,"Montana"
"Montana.2020-04-25",192,192,192,192,2020-04-25,"Montana"
"Montana.2020-05-02",209,209,209,209,2020-05-02,"Montana"
"Montana.2020-05-09",181,181,183,181,2020-05-09,"Montana"
"Montana.2020-05-16",202,201,204,201,2020-05-16,"Montana"
"Montana.2020-05-23",179,178,181,178,2020-05-23,"Montana"
"Montana.2020-05-30",177,176,181,176,2020-05-30,"Montana"
"Montana.2020-06-06",179,177,183,177,2020-06-06,"Montana"
"Montana.2020-06-13",221,218,226,218,2020-06-13,"Montana"
"Montana.2020-06-20",182.5,58,380,37,2020-06-20,"Montana"
"Montana.2020-06-27",202,191,220,190,2020-06-27,"Montana"
"Nebraska.2020-04-04",310,310,310,311,2020-04-04,"Nebraska"
"Nebraska.2020-04-11",336,336,336,336,2020-04-11,"Nebraska"
"Nebraska.2020-04-18",353,352,360,352,2020-04-18,"Nebraska"
"Nebraska.2020-04-25",349,347,357,347,2020-04-25,"Nebraska"
"Nebraska.2020-05-02",349,347,358,347,2020-05-02,"Nebraska"
"Nebraska.2020-05-09",348,345,357,345,2020-05-09,"Nebraska"
"Nebraska.2020-05-16",358,354,368,354,2020-05-16,"Nebraska"
"Nebraska.2020-05-23",356,351,366,351,2020-05-23,"Nebraska"
"Nebraska.2020-05-30",386,380,397,380,2020-05-30,"Nebraska"
"Nebraska.2020-06-06",330,322,343,321,2020-06-06,"Nebraska"
"Nebraska.2020-06-13",321,310,337,308,2020-06-13,"Nebraska"
"Nebraska.2020-06-20",368,351,394,347,2020-06-20,"Nebraska"
"Nebraska.2020-06-27",335,306,383,298,2020-06-27,"Nebraska"
"Nevada.2020-04-04",575,575,575,575,2020-04-04,"Nevada"
"Nevada.2020-04-11",574,574,574,574,2020-04-11,"Nevada"
"Nevada.2020-04-18",548,548,549,548,2020-04-18,"Nevada"
"Nevada.2020-04-25",567,566,569,566,2020-04-25,"Nevada"
"Nevada.2020-05-02",536,535,539,535,2020-05-02,"Nevada"
"Nevada.2020-05-09",541,538,545,538,2020-05-09,"Nevada"
"Nevada.2020-05-16",510,506,514,506,2020-05-16,"Nevada"
"Nevada.2020-05-23",521,517,526,516,2020-05-23,"Nevada"
"Nevada.2020-05-30",536,530,542,528,2020-05-30,"Nevada"
"Nevada.2020-06-06",551,543,559,539,2020-06-06,"Nevada"
"Nevada.2020-06-13",519,508,529,500,2020-06-13,"Nevada"
"Nevada.2020-06-20",507,492,520,478,2020-06-20,"Nevada"
"Nevada.2020-06-27",549,530,569,504,2020-06-27,"Nevada"
"New Hampshire.2020-04-04",258,258,258,258,2020-04-04,"New Hampshire"
"New Hampshire.2020-04-11",268,268,268,268,2020-04-11,"New Hampshire"
"New Hampshire.2020-04-18",245,245,248,245,2020-04-18,"New Hampshire"
"New Hampshire.2020-04-25",268,268,272,268,2020-04-25,"New Hampshire"
"New Hampshire.2020-05-02",271,270,276,270,2020-05-02,"New Hampshire"
"New Hampshire.2020-05-09",304,302,308,302,2020-05-09,"New Hampshire"
"New Hampshire.2020-05-16",291,289,295,289,2020-05-16,"New Hampshire"
"New Hampshire.2020-05-23",285,282,291,282,2020-05-23,"New Hampshire"
"New Hampshire.2020-05-30",264,260,270,260,2020-05-30,"New Hampshire"
"New Hampshire.2020-06-06",275,271,282,271,2020-06-06,"New Hampshire"
"New Hampshire.2020-06-13",293,288,300,288,2020-06-13,"New Hampshire"
"New Hampshire.2020-06-20",245,239,254,239,2020-06-20,"New Hampshire"
"New Hampshire.2020-06-27",259,251,271,250,2020-06-27,"New Hampshire"
"New Jersey.2020-04-04",3457,3457,3457,3457,2020-04-04,"New Jersey"
"New Jersey.2020-04-11",4731,4731,4731,4731,2020-04-11,"New Jersey"
"New Jersey.2020-04-18",4677,4671,4703,4671,2020-04-18,"New Jersey"
"New Jersey.2020-04-25",3959,3947,3992,3947,2020-04-25,"New Jersey"
"New Jersey.2020-05-02",3148,3130,3188,3129,2020-05-02,"New Jersey"
"New Jersey.2020-05-09",2589,2569,2624,2568,2020-05-09,"New Jersey"
"New Jersey.2020-05-16",2299,2272,2343,2269,2020-05-16,"New Jersey"
"New Jersey.2020-05-23",1966,1927,2033,1920,2020-05-23,"New Jersey"
"New Jersey.2020-05-30",1772,1731,1838,1722,2020-05-30,"New Jersey"
"New Jersey.2020-06-06",1630,1585,1700,1573,2020-06-06,"New Jersey"
"New Jersey.2020-06-13",1557,1502,1647,1482,2020-06-13,"New Jersey"
"New Jersey.2020-06-20",1498,1429,1606,1405,2020-06-20,"New Jersey"
"New Jersey.2020-06-27",1539,1439,1716,1405,2020-06-27,"New Jersey"
"New Mexico.2020-04-04",397,397,397,398,2020-04-04,"New Mexico"
"New Mexico.2020-04-11",407,407,407,407,2020-04-11,"New Mexico"
"New Mexico.2020-04-18",417,416,421,416,2020-04-18,"New Mexico"
"New Mexico.2020-04-25",403,401,408,401,2020-04-25,"New Mexico"
"New Mexico.2020-05-02",420,416,426,416,2020-05-02,"New Mexico"
"New Mexico.2020-05-09",426,419,432,418,2020-05-09,"New Mexico"
"New Mexico.2020-05-16",462,455,471,451,2020-05-16,"New Mexico"
"New Mexico.2020-05-23",404,394,415,386,2020-05-23,"New Mexico"
"New Mexico.2020-05-30",420,408,432,397,2020-05-30,"New Mexico"
"New Mexico.2020-06-06",448,434,462,419,2020-06-06,"New Mexico"
"New Mexico.2020-06-13",430,412,448,390,2020-06-13,"New Mexico"
"New Mexico.2020-06-20",438,415,461,382,2020-06-20,"New Mexico"
"New Mexico.2020-06-27",425,396,457,348,2020-06-27,"New Mexico"
"New York City.2020-04-04",6376,6376,6376,6378,2020-04-04,"New York City"
"New York City.2020-04-11",8021,8021,8021,8021,2020-04-11,"New York City"
"New York City.2020-04-18",6094,6092,6116,6092,2020-04-18,"New York City"
"New York City.2020-04-25",4211,4172,4455,4172,2020-04-25,"New York City"
"New York City.2020-05-02",2993,2943,3206,2943,2020-05-02,"New York City"
"New York City.2020-05-09",2193,2147,2335,2147,2020-05-09,"New York City"
"New York City.2020-05-16",1688,1649,1789,1648,2020-05-16,"New York City"
"New York City.2020-05-23",1399,1356,1505,1354,2020-05-23,"New York City"
"New York City.2020-05-30",1215,1176,1303,1175,2020-05-30,"New York City"
"New York City.2020-06-06",1169,1132,1248,1131,2020-06-06,"New York City"
"New York City.2020-06-13",1138,1100,1224,1096,2020-06-13,"New York City"
"New York City.2020-06-20",1052,1009,1148,1003,2020-06-20,"New York City"
"New York City.2020-06-27",1130,1071,1268,1064,2020-06-27,"New York City"
"New York.2020-04-04",3687,3687,3687,3691,2020-04-04,"New York"
"New York.2020-04-11",4510,4510,4510,4510,2020-04-11,"New York"
"New York.2020-04-18",4310,4306,4326,4306,2020-04-18,"New York"
"New York.2020-04-25",3673,3639,3761,3639,2020-04-25,"New York"
"New York.2020-05-02",3136,3101,3212,3099,2020-05-02,"New York"
"New York.2020-05-09",2792,2764,2844,2761,2020-05-09,"New York"
"New York.2020-05-16",2526,2494,2579,2487,2020-05-16,"New York"
"New York.2020-05-23",2258,2218,2314,2208,2020-05-23,"New York"
"New York.2020-05-30",2163,2124,2219,2110,2020-05-30,"New York"
"New York.2020-06-06",2014,1976,2069,1962,2020-06-06,"New York"
"New York.2020-06-13",1930,1891,1991,1872,2020-06-13,"New York"
"New York.2020-06-20",1952,1903,2025,1879,2020-06-20,"New York"
"New York.2020-06-27",2015,1948,2114,1918,2020-06-27,"New York"
"North Dakota.2020-04-04",122,122,122,122,2020-04-04,"North Dakota"
"North Dakota.2020-04-11",146,146,146,146,2020-04-11,"North Dakota"
"North Dakota.2020-04-18",144,141,294,141,2020-04-18,"North Dakota"
"North Dakota.2020-04-25",161,140,498,140,2020-04-25,"North Dakota"
"North Dakota.2020-05-02",195,138,784,138,2020-05-02,"North Dakota"
"North Dakota.2020-05-09",236,126,1228,126,2020-05-09,"North Dakota"
"North Dakota.2020-05-16",309.5,135,1720,135,2020-05-16,"North Dakota"
"North Dakota.2020-05-23",371,130,2229,130,2020-05-23,"North Dakota"
"North Dakota.2020-05-30",424,124,2681,124,2020-05-30,"North Dakota"
"North Dakota.2020-06-06",452,131,2917,131,2020-06-06,"North Dakota"
"North Dakota.2020-06-13",473,128,3019,127,2020-06-13,"North Dakota"
"North Dakota.2020-06-20",447,112,3033,111,2020-06-20,"North Dakota"
"North Dakota.2020-06-27",387,80,2939,76,2020-06-27,"North Dakota"
"Ohio.2020-04-04",2542,2542,2542,2565,2020-04-04,"Ohio"
"Ohio.2020-04-11",2593,2593,2593,2593,2020-04-11,"Ohio"
"Ohio.2020-04-18",2622,2621,2627,2621,2020-04-18,"Ohio"
"Ohio.2020-04-25",2830,2802,2875,2798,2020-04-25,"Ohio"
"Ohio.2020-05-02",2749,2716,2795,2707,2020-05-02,"Ohio"
"Ohio.2020-05-09",2641,2604,2689,2587,2020-05-09,"Ohio"
"Ohio.2020-05-16",2742,2700,2799,2669,2020-05-16,"Ohio"
"Ohio.2020-05-23",2713,2667,2769,2630,2020-05-23,"Ohio"
"Ohio.2020-05-30",2559,2509,2617,2464,2020-05-30,"Ohio"
"Ohio.2020-06-06",2623,2571,2688,2511,2020-06-06,"Ohio"
"Ohio.2020-06-13",2485,2420,2558,2341,2020-06-13,"Ohio"
"Ohio.2020-06-20",2442,2349,2554,2231,2020-06-20,"Ohio"
"Ohio.2020-06-27",2404,2223,2647,2019,2020-06-27,"Ohio"
"Oklahoma.2020-04-04",771,771,771,771,2020-04-04,"Oklahoma"
"Oklahoma.2020-04-11",859,859,859,859,2020-04-11,"Oklahoma"
"Oklahoma.2020-04-18",800,799,803,799,2020-04-18,"Oklahoma"
"Oklahoma.2020-04-25",752,750,757,750,2020-04-25,"Oklahoma"
"Oklahoma.2020-05-02",720,715,726,715,2020-05-02,"Oklahoma"
"Oklahoma.2020-05-09",805,800,814,798,2020-05-09,"Oklahoma"
"Oklahoma.2020-05-16",745,737,753,736,2020-05-16,"Oklahoma"
"Oklahoma.2020-05-23",824,815,834,811,2020-05-23,"Oklahoma"
"Oklahoma.2020-05-30",759,747,771,741,2020-05-30,"Oklahoma"
"Oklahoma.2020-06-06",819,803,834,793,2020-06-06,"Oklahoma"
"Oklahoma.2020-06-13",783,765,806,745,2020-06-13,"Oklahoma"
"Oklahoma.2020-06-20",762,733,799,699,2020-06-20,"Oklahoma"
"Oklahoma.2020-06-27",802,751,865,694,2020-06-27,"Oklahoma"
"Oregon.2020-04-04",772,772,772,772,2020-04-04,"Oregon"
"Oregon.2020-04-11",766,766,766,766,2020-04-11,"Oregon"
"Oregon.2020-04-18",759,759,761,759,2020-04-18,"Oregon"
"Oregon.2020-04-25",765,765,767,765,2020-04-25,"Oregon"
"Oregon.2020-05-02",714,713,717,713,2020-05-02,"Oregon"
"Oregon.2020-05-09",708,706,711,706,2020-05-09,"Oregon"
"Oregon.2020-05-16",716,713,720,713,2020-05-16,"Oregon"
"Oregon.2020-05-23",740,735,745,735,2020-05-23,"Oregon"
"Oregon.2020-05-30",748,741,755,739,2020-05-30,"Oregon"
"Oregon.2020-06-06",671,661,681,657,2020-06-06,"Oregon"
"Oregon.2020-06-13",722,706,740,694,2020-06-13,"Oregon"
"Oregon.2020-06-20",729,698,764,670,2020-06-20,"Oregon"
"Oregon.2020-06-27",724,664,796,601,2020-06-27,"Oregon"
"Pennsylvania.2020-04-04",2876,2876,2876,2877,2020-04-04,"Pennsylvania"
"Pennsylvania.2020-04-11",3355,3355,3355,3355,2020-04-11,"Pennsylvania"
"Pennsylvania.2020-04-18",3626,3626,3629,3626,2020-04-18,"Pennsylvania"
"Pennsylvania.2020-04-25",3702,3697,3716,3697,2020-04-25,"Pennsylvania"
"Pennsylvania.2020-05-02",3490,3482,3504,3482,2020-05-02,"Pennsylvania"
"Pennsylvania.2020-05-09",3345,3338,3356,3338,2020-05-09,"Pennsylvania"
"Pennsylvania.2020-05-16",3168,3159,3182,3158,2020-05-16,"Pennsylvania"
"Pennsylvania.2020-05-23",2884,2871,2905,2868,2020-05-23,"Pennsylvania"
"Pennsylvania.2020-05-30",2728,2713,2749,2710,2020-05-30,"Pennsylvania"
"Pennsylvania.2020-06-06",2638,2621,2662,2616,2020-06-06,"Pennsylvania"
"Pennsylvania.2020-06-13",2487,2464,2518,2456,2020-06-13,"Pennsylvania"
"Pennsylvania.2020-06-20",2525,2489,2577,2475,2020-06-20,"Pennsylvania"
"Pennsylvania.2020-06-27",2465,2396,2569,2374,2020-06-27,"Pennsylvania"
"Rhode Island.2020-04-04",223,223,223,223,2020-04-04,"Rhode Island"
"Rhode Island.2020-04-11",244,244,244,244,2020-04-11,"Rhode Island"
"Rhode Island.2020-04-18",269,269,270,269,2020-04-18,"Rhode Island"
"Rhode Island.2020-04-25",275,274,277,274,2020-04-25,"Rhode Island"
"Rhode Island.2020-05-02",318,317,321,317,2020-05-02,"Rhode Island"
"Rhode Island.2020-05-09",368,366,372,366,2020-05-09,"Rhode Island"
"Rhode Island.2020-05-16",294,290,298,290,2020-05-16,"Rhode Island"
"Rhode Island.2020-05-23",270,265,276,263,2020-05-23,"Rhode Island"
"Rhode Island.2020-05-30",223,177,271,104,2020-05-30,"Rhode Island"
"Rhode Island.2020-06-06",241,233,249,228,2020-06-06,"Rhode Island"
"Rhode Island.2020-06-13",214,203,224,194,2020-06-13,"Rhode Island"
"Rhode Island.2020-06-20",242,227,259,205,2020-06-20,"Rhode Island"
"Rhode Island.2020-06-27",248,183,320,65,2020-06-27,"Rhode Island"
"South Carolina.2020-04-04",1077,1077,1077,1079,2020-04-04,"South Carolina"
"South Carolina.2020-04-11",1134,1134,1134,1134,2020-04-11,"South Carolina"
"South Carolina.2020-04-18",1063,1063,1067,1063,2020-04-18,"South Carolina"
"South Carolina.2020-04-25",1045,1044,1049,1044,2020-04-25,"South Carolina"
"South Carolina.2020-05-02",1041,1040,1046,1040,2020-05-02,"South Carolina"
"South Carolina.2020-05-09",1078,1075,1084,1075,2020-05-09,"South Carolina"
"South Carolina.2020-05-16",1117,1111,1127,1111,2020-05-16,"South Carolina"
"South Carolina.2020-05-23",1059,1048,1074,1047,2020-05-23,"South Carolina"
"South Carolina.2020-05-30",1070,1056,1090,1051,2020-05-30,"South Carolina"
"South Carolina.2020-06-06",1067,1046,1094,1038,2020-06-06,"South Carolina"
"South Carolina.2020-06-13",1111,1082,1145,1069,2020-06-13,"South Carolina"
"South Carolina.2020-06-20",1086,1050,1136,1028,2020-06-20,"South Carolina"
"South Carolina.2020-06-27",1126,1072,1203,1042,2020-06-27,"South Carolina"
"South Dakota.2020-04-04",170,170,170,170,2020-04-04,"South Dakota"
"South Dakota.2020-04-11",149,149,149,149,2020-04-11,"South Dakota"
"South Dakota.2020-04-18",157,157,158,157,2020-04-18,"South Dakota"
"South Dakota.2020-04-25",170,170,175,170,2020-04-25,"South Dakota"
"South Dakota.2020-05-02",156,155,163,155,2020-05-02,"South Dakota"
"South Dakota.2020-05-09",179,177,187,177,2020-05-09,"South Dakota"
"South Dakota.2020-05-16",152,149,162,149,2020-05-16,"South Dakota"
"South Dakota.2020-05-23",162,156,175,156,2020-05-23,"South Dakota"
"South Dakota.2020-05-30",156,148,171,148,2020-05-30,"South Dakota"
"South Dakota.2020-06-06",150,138,170,138,2020-06-06,"South Dakota"
"South Dakota.2020-06-13",165,149,192,147,2020-06-13,"South Dakota"
"South Dakota.2020-06-20",372,142,921,120,2020-06-20,"South Dakota"
"South Dakota.2020-06-27",288,57,867,27,2020-06-27,"South Dakota"
"Tennessee.2020-04-04",1503,1503,1503,1505,2020-04-04,"Tennessee"
"Tennessee.2020-04-11",1462,1462,1462,1462,2020-04-11,"Tennessee"
"Tennessee.2020-04-18",1475,1475,1478,1475,2020-04-18,"Tennessee"
"Tennessee.2020-04-25",1405,1403,1409,1403,2020-04-25,"Tennessee"
"Tennessee.2020-05-02",1429,1425,1435,1425,2020-05-02,"Tennessee"
"Tennessee.2020-05-09",1412,1406,1420,1406,2020-05-09,"Tennessee"
"Tennessee.2020-05-16",1483,1475,1494,1473,2020-05-16,"Tennessee"
"Tennessee.2020-05-23",1501,1490,1514,1485,2020-05-23,"Tennessee"
"Tennessee.2020-05-30",1388,1372,1405,1364,2020-05-30,"Tennessee"
"Tennessee.2020-06-06",1418,1398,1440,1384,2020-06-06,"Tennessee"
"Tennessee.2020-06-13",1448,1423,1479,1399,2020-06-13,"Tennessee"
"Tennessee.2020-06-20",1519,1479,1563,1444,2020-06-20,"Tennessee"
"Tennessee.2020-06-27",1527,1468,1604,1408,2020-06-27,"Tennessee"
"Texas.2020-04-04",4115,4115,4115,4119,2020-04-04,"Texas"
"Texas.2020-04-11",4199,4199,4199,4199,2020-04-11,"Texas"
"Texas.2020-04-18",4238,4234,4244,4234,2020-04-18,"Texas"
"Texas.2020-04-25",4383,4376,4393,4373,2020-04-25,"Texas"
"Texas.2020-05-02",4190,4179,4200,4174,2020-05-02,"Texas"
"Texas.2020-05-09",4228,4214,4240,4204,2020-05-09,"Texas"
"Texas.2020-05-16",4228,4213,4243,4196,2020-05-16,"Texas"
"Texas.2020-05-23",4190,4172,4208,4146,2020-05-23,"Texas"
"Texas.2020-05-30",4090,4068,4112,4028,2020-05-30,"Texas"
"Texas.2020-06-06",4150,4119,4181,4055,2020-06-06,"Texas"
"Texas.2020-06-13",4344,4303,4389,4199,2020-06-13,"Texas"
"Texas.2020-06-20",4481,4414,4556,4245,2020-06-20,"Texas"
"Texas.2020-06-27",4525,4399,4664,4103,2020-06-27,"Texas"
"Utah.2020-04-04",398,398,398,398,2020-04-04,"Utah"
"Utah.2020-04-11",374,374,374,374,2020-04-11,"Utah"
"Utah.2020-04-18",371,371,372,371,2020-04-18,"Utah"
"Utah.2020-04-25",378,378,381,378,2020-04-25,"Utah"
"Utah.2020-05-02",374,373,376,373,2020-05-02,"Utah"
"Utah.2020-05-09",357,356,361,356,2020-05-09,"Utah"
"Utah.2020-05-16",396,394,400,394,2020-05-16,"Utah"
"Utah.2020-05-23",364,362,369,362,2020-05-23,"Utah"
"Utah.2020-05-30",384,381,389,381,2020-05-30,"Utah"
"Utah.2020-06-06",394,390,400,390,2020-06-06,"Utah"
"Utah.2020-06-13",381,376,388,376,2020-06-13,"Utah"
"Utah.2020-06-20",394,388,403,387,2020-06-20,"Utah"
"Utah.2020-06-27",370,362,382,360,2020-06-27,"Utah"
"Vermont.2020-04-04",130,130,130,130,2020-04-04,"Vermont"
"Vermont.2020-04-11",123,123,123,123,2020-04-11,"Vermont"
"Vermont.2020-04-18",135,135,136,135,2020-04-18,"Vermont"
"Vermont.2020-04-25",123,123,125,123,2020-04-25,"Vermont"
"Vermont.2020-05-02",108,108,110,108,2020-05-02,"Vermont"
"Vermont.2020-05-09",113,113,116,113,2020-05-09,"Vermont"
"Vermont.2020-05-16",108,108,111,108,2020-05-16,"Vermont"
"Vermont.2020-05-23",109,108,111,108,2020-05-23,"Vermont"
"Vermont.2020-05-30",134,133,136,133,2020-05-30,"Vermont"
"Vermont.2020-06-06",119,118,122,118,2020-06-06,"Vermont"
"Vermont.2020-06-13",117,116,120,116,2020-06-13,"Vermont"
"Vermont.2020-06-20",101,100,105,100,2020-06-20,"Vermont"
"Vermont.2020-06-27",131,129,134,129,2020-06-27,"Vermont"
"Virginia.2020-04-04",1483,1483,1483,1483,2020-04-04,"Virginia"
"Virginia.2020-04-11",1613,1613,1613,1613,2020-04-11,"Virginia"
"Virginia.2020-04-18",1603,1602,1608,1602,2020-04-18,"Virginia"
"Virginia.2020-04-25",1648,1644,1654,1644,2020-04-25,"Virginia"
"Virginia.2020-05-02",1675,1669,1683,1669,2020-05-02,"Virginia"
"Virginia.2020-05-09",1602,1593,1614,1591,2020-05-09,"Virginia"
"Virginia.2020-05-16",1605,1590,1624,1584,2020-05-16,"Virginia"
"Virginia.2020-05-23",1499,1483,1521,1472,2020-05-23,"Virginia"
"Virginia.2020-05-30",1478,1458,1501,1444,2020-05-30,"Virginia"
"Virginia.2020-06-06",1449,1425,1478,1404,2020-06-06,"Virginia"
"Virginia.2020-06-13",1469,1439,1503,1409,2020-06-13,"Virginia"
"Virginia.2020-06-20",1348,1309,1393,1267,2020-06-20,"Virginia"
"Virginia.2020-06-27",1473,1416,1540,1354,2020-06-27,"Virginia"
"Washington.2020-04-04",1316,1316,1316,1316,2020-04-04,"Washington"
"Washington.2020-04-11",1310,1310,1310,1310,2020-04-11,"Washington"
"Washington.2020-04-18",1241,1240,1251,1240,2020-04-18,"Washington"
"Washington.2020-04-25",1219,1217,1229,1217,2020-04-25,"Washington"
"Washington.2020-05-02",1158,1155,1170,1155,2020-05-02,"Washington"
"Washington.2020-05-09",1218,1213,1230,1213,2020-05-09,"Washington"
"Washington.2020-05-16",1143,1137,1155,1137,2020-05-16,"Washington"
"Washington.2020-05-23",1107,1099,1120,1099,2020-05-23,"Washington"
"Washington.2020-05-30",1053,1044,1067,1044,2020-05-30,"Washington"
"Washington.2020-06-06",1062,1052,1078,1051,2020-06-06,"Washington"
"Washington.2020-06-13",1096,1083,1117,1080,2020-06-13,"Washington"
"Washington.2020-06-20",1146,1128,1172,1124,2020-06-20,"Washington"
"Washington.2020-06-27",1044,1008,1111,1001,2020-06-27,"Washington"
"West Virginia.2020-04-04",454,454,454,454,2020-04-04,"West Virginia"
"West Virginia.2020-04-11",488,488,488,488,2020-04-11,"West Virginia"
"West Virginia.2020-04-18",375,374,382,374,2020-04-18,"West Virginia"
"West Virginia.2020-04-25",715,408,1244,303,2020-04-25,"West Virginia"
"West Virginia.2020-05-02",844,448,1497,333,2020-05-02,"West Virginia"
"West Virginia.2020-05-09",823,384,1592,239,2020-05-09,"West Virginia"
"West Virginia.2020-05-16",1069,468,2098,284,2020-05-16,"West Virginia"
"West Virginia.2020-05-23",1500,648,2883,310,2020-05-23,"West Virginia"
"West Virginia.2020-05-30",1350,560,2723,146,2020-05-30,"West Virginia"
"West Virginia.2020-06-06",1124,471,2223,181,2020-06-06,"West Virginia"
"West Virginia.2020-06-13",881,290,1846,93,2020-06-13,"West Virginia"
"West Virginia.2020-06-20",751,178,1812,23,2020-06-20,"West Virginia"
"West Virginia.2020-06-27",803,98,2087,0,2020-06-27,"West Virginia"
"Wisconsin.2020-04-04",1242,1242,1242,1242,2020-04-04,"Wisconsin"
"Wisconsin.2020-04-11",1182,1182,1182,1182,2020-04-11,"Wisconsin"
"Wisconsin.2020-04-18",1153,1153,1154,1153,2020-04-18,"Wisconsin"
"Wisconsin.2020-04-25",1040,1039,1043,1039,2020-04-25,"Wisconsin"
"Wisconsin.2020-05-02",1160,1159,1164,1159,2020-05-02,"Wisconsin"
"Wisconsin.2020-05-09",1096,1094,1100,1094,2020-05-09,"Wisconsin"
"Wisconsin.2020-05-16",1013,1009,1018,1009,2020-05-16,"Wisconsin"
"Wisconsin.2020-05-23",1084,1079,1089,1078,2020-05-23,"Wisconsin"
"Wisconsin.2020-05-30",1151,1145,1157,1144,2020-05-30,"Wisconsin"
"Wisconsin.2020-06-06",1048,1041,1055,1038,2020-06-06,"Wisconsin"
"Wisconsin.2020-06-13",1017,1009,1027,1002,2020-06-13,"Wisconsin"
"Wisconsin.2020-06-20",1095,1082,1109,1070,2020-06-20,"Wisconsin"
"Wisconsin.2020-06-27",1031,1012,1052,989,2020-06-27,"Wisconsin"
"Wyoming.2020-04-04",122,122,122,122,2020-04-04,"Wyoming"
"Wyoming.2020-04-11",107,107,107,107,2020-04-11,"Wyoming"
"Wyoming.2020-04-18",94,94,96,94,2020-04-18,"Wyoming"
"Wyoming.2020-04-25",102,102,104,102,2020-04-25,"Wyoming"
"Wyoming.2020-05-02",71,71,74,71,2020-05-02,"Wyoming"
"Wyoming.2020-05-09",86,86,89,86,2020-05-09,"Wyoming"
"Wyoming.2020-05-16",111,110,113,110,2020-05-16,"Wyoming"
"Wyoming.2020-05-23",102,101,104,101,2020-05-23,"Wyoming"
"Wyoming.2020-05-30",91,90,93,90,2020-05-30,"Wyoming"
"Wyoming.2020-06-06",114,113,117,113,2020-06-06,"Wyoming"
"Wyoming.2020-06-13",101,99,105,99,2020-06-13,"Wyoming"
"Wyoming.2020-06-20",107,102,112,102,2020-06-20,"Wyoming"
"Wyoming.2020-06-27",98,91,106,89,2020-06-27,"Wyoming"
