mmwr_year,mmwr_week,mmwr_day,week_start,state,pred,lpi,upi,obs,unexplained.cases,denom,week_end,type
2020,10,1,2020-03-01,FL,359,321,397,382,23,1.5,2020-03-07,Alzheimer disease and dementia
2020,10,1,2020-03-01,GA,164,139,191,148,-16,1.5,2020-03-07,Alzheimer disease and dementia
2020,10,1,2020-03-01,MI,191,163,219,161,-30,1.5,2020-03-07,Alzheimer disease and dementia
2020,10,1,2020-03-01,NJ,150,126,175,136,-14,1.5,2020-03-07,Alzheimer disease and dementia
2020,10,1,2020-03-01,US,5803,5648,5959,5652,-151,1.5,2020-03-07,Alzheimer disease and dementia
2020,11,1,2020-03-08,FL,354,317,394,346,-8,1.5,2020-03-14,Alzheimer disease and dementia
2020,11,1,2020-03-08,GA,162,137,189,157,-5,1.5,2020-03-14,Alzheimer disease and dementia
2020,11,1,2020-03-08,MI,189,163,218,164,-25,1.5,2020-03-14,Alzheimer disease and dementia
2020,11,1,2020-03-08,NJ,148,124,173,117,-31,1.5,2020-03-14,Alzheimer disease and dementia
2020,11,1,2020-03-08,US,5709,5557,5866,5444,-265,1.5,2020-03-14,Alzheimer disease and dementia
2020,12,1,2020-03-15,FL,350,314,390,378,28,1.5,2020-03-21,Alzheimer disease and dementia
2020,12,1,2020-03-15,GA,160,135,186,137,-23,1.5,2020-03-21,Alzheimer disease and dementia
2020,12,1,2020-03-15,MI,188,161,216,167,-21,1.5,2020-03-21,Alzheimer disease and dementia
2020,12,1,2020-03-15,NJ,145,121,170,137,-8,1.5,2020-03-21,Alzheimer disease and dementia
2020,12,1,2020-03-15,US,5614,5465,5764,5628,14,1.5,2020-03-21,Alzheimer disease and dementia
2020,13,1,2020-03-22,FL,347,310,385,371,24,1.5,2020-03-28,Alzheimer disease and dementia
2020,13,1,2020-03-22,GA,157,132,183,152,-5,1.5,2020-03-28,Alzheimer disease and dementia
2020,13,1,2020-03-22,MI,186,158,214,190,4,1.5,2020-03-28,Alzheimer disease and dementia
2020,13,1,2020-03-22,NJ,142,118,167,183,41,1.5,2020-03-28,Alzheimer disease and dementia
2020,13,1,2020-03-22,US,5522,5371,5672,5973,451,1.5,2020-03-28,Alzheimer disease and dementia
2020,14,1,2020-03-29,FL,343,306,381,353,10,1.5,2020-04-04,Alzheimer disease and dementia
2020,14,1,2020-03-29,GA,155,131,180,198,43,1.5,2020-04-04,Alzheimer disease and dementia
2020,14,1,2020-03-29,MI,183,156,212,254,71,1.5,2020-04-04,Alzheimer disease and dementia
2020,14,1,2020-03-29,NJ,139,117,165,269,130,1.5,2020-04-04,Alzheimer disease and dementia
2020,14,1,2020-03-29,US,5435,5287.975,5586,6476,1041,1.5,2020-04-04,Alzheimer disease and dementia
2020,15,1,2020-04-05,FL,340,304,379,381,41,1.5,2020-04-11,Alzheimer disease and dementia
2020,15,1,2020-04-05,GA,152,128,178,205,53,1.5,2020-04-11,Alzheimer disease and dementia
2020,15,1,2020-04-05,MI,180,154,208,297,117,1.5,2020-04-11,Alzheimer disease and dementia
2020,15,1,2020-04-05,NJ,136,113,161,313,177,1.5,2020-04-11,Alzheimer disease and dementia
2020,15,1,2020-04-05,US,5352,5207,5502,6764,1412,1.5,2020-04-11,Alzheimer disease and dementia
2020,16,1,2020-04-12,FL,338,301,376,376,38,1.5,2020-04-18,Alzheimer disease and dementia
2020,16,1,2020-04-12,GA,150,125,175,190,40,1.5,2020-04-18,Alzheimer disease and dementia
2020,16,1,2020-04-12,MI,177,150,205,245,68,1.5,2020-04-18,Alzheimer disease and dementia
2020,16,1,2020-04-12,NJ,133,110,157,344,211,1.5,2020-04-18,Alzheimer disease and dementia
2020,16,1,2020-04-12,US,5276,5129,5425,6651,1375,1.5,2020-04-18,Alzheimer disease and dementia
2020,17,1,2020-04-19,FL,336,299,373.02499999999964,406,70,1.5,2020-04-25,Alzheimer disease and dementia
2020,17,1,2020-04-19,GA,148,124,173,219,71,1.5,2020-04-25,Alzheimer disease and dementia
2020,17,1,2020-04-19,MI,174,148,201,220,46,1.5,2020-04-25,Alzheimer disease and dementia
2020,17,1,2020-04-19,NJ,130,108,154,282,152,1.5,2020-04-25,Alzheimer disease and dementia
2020,17,1,2020-04-19,US,5206,5058,5355,6516,1310,1.5,2020-04-25,Alzheimer disease and dementia
2020,18,1,2020-04-26,FL,335,298,373,355,20,1.5,2020-05-02,Alzheimer disease and dementia
2020,18,1,2020-04-26,GA,146,122,171,195,49,1.5,2020-05-02,Alzheimer disease and dementia
2020,18,1,2020-04-26,MI,170,144.97500000000002,198,231,61,1.5,2020-05-02,Alzheimer disease and dementia
2020,18,1,2020-04-26,NJ,127,105,152,224,97,1.5,2020-05-02,Alzheimer disease and dementia
2020,18,1,2020-04-26,US,5140,5000,5287.025,6181,1041,1.5,2020-05-02,Alzheimer disease and dementia
2020,19,1,2020-05-03,FL,333,297,372,366,33,1.5,2020-05-09,Alzheimer disease and dementia
2020,19,1,2020-05-03,GA,144,119,169,212,68,1.5,2020-05-09,Alzheimer disease and dementia
2020,19,1,2020-05-03,MI,167,141,194,171,4,1.5,2020-05-09,Alzheimer disease and dementia
2020,19,1,2020-05-03,NJ,125,103,148,179,54,1.5,2020-05-09,Alzheimer disease and dementia
2020,19,1,2020-05-03,US,5079,4937,5224,5792,713,1.5,2020-05-09,Alzheimer disease and dementia
2020,20,1,2020-05-10,FL,331,294,369,383,52,1.5,2020-05-16,Alzheimer disease and dementia
2020,20,1,2020-05-10,GA,142,119,168,199,57,1.5,2020-05-16,Alzheimer disease and dementia
2020,20,1,2020-05-10,MI,163,138,190,190,27,1.5,2020-05-16,Alzheimer disease and dementia
2020,20,1,2020-05-10,NJ,123,101,146,145,22,1.5,2020-05-16,Alzheimer disease and dementia
2020,20,1,2020-05-10,US,5023,4879,5169,5624,601,1.5,2020-05-16,Alzheimer disease and dementia
2020,21,1,2020-05-17,FL,329,293,368,357,28,1.5,2020-05-23,Alzheimer disease and dementia
2020,21,1,2020-05-17,GA,141,118,166,192,51,1.5,2020-05-23,Alzheimer disease and dementia
2020,21,1,2020-05-17,MI,160,135,187,158,-2,1.5,2020-05-23,Alzheimer disease and dementia
2020,21,1,2020-05-17,NJ,121,100,144,136,15,1.5,2020-05-23,Alzheimer disease and dementia
2020,21,1,2020-05-17,US,4967,4827,5109,5363,396,1.5,2020-05-23,Alzheimer disease and dementia
2020,22,1,2020-05-24,FL,327,290,364,369,42,1.5,2020-05-30,Alzheimer disease and dementia
2020,22,1,2020-05-24,GA,140,117,164,188,48,1.5,2020-05-30,Alzheimer disease and dementia
2020,22,1,2020-05-24,MI,157,132,184,158,1,1.5,2020-05-30,Alzheimer disease and dementia
2020,22,1,2020-05-24,NJ,120,98,142,129,9,1.5,2020-05-30,Alzheimer disease and dementia
2020,22,1,2020-05-24,US,4915,4775,5060,5249,334,1.5,2020-05-30,Alzheimer disease and dementia
2020,23,1,2020-05-31,FL,325,288,362,385,60,1.5,2020-06-06,Alzheimer disease and dementia
2020,23,1,2020-05-31,GA,139,116,164,164,25,1.5,2020-06-06,Alzheimer disease and dementia
2020,23,1,2020-05-31,MI,155,130,181,155,0,1.5,2020-06-06,Alzheimer disease and dementia
2020,23,1,2020-05-31,NJ,119,98,141,119,0,1.5,2020-06-06,Alzheimer disease and dementia
2020,23,1,2020-05-31,US,4864,4724,5009,5193,329,1.5,2020-06-06,Alzheimer disease and dementia
2020,24,1,2020-06-07,FL,322,286,359,376,54,1.5,2020-06-13,Alzheimer disease and dementia
2020,24,1,2020-06-07,GA,139,116,163,149,10,1.5,2020-06-13,Alzheimer disease and dementia
2020,24,1,2020-06-07,MI,152,128,178,139,-13,1.5,2020-06-13,Alzheimer disease and dementia
2020,24,1,2020-06-07,NJ,118,97,140,103,-15,1.5,2020-06-13,Alzheimer disease and dementia
2020,24,1,2020-06-07,US,4820,4680,4959,5154,334,1.5,2020-06-13,Alzheimer disease and dementia
2020,25,1,2020-06-14,FL,318,283,357,376,58,1.5,2020-06-20,Alzheimer disease and dementia
2020,25,1,2020-06-14,GA,139,116,164,164,25,1.5,2020-06-20,Alzheimer disease and dementia
2020,25,1,2020-06-14,MI,150,127,176,164,14,1.5,2020-06-20,Alzheimer disease and dementia
2020,25,1,2020-06-14,NJ,118,97,140,94,-24,1.5,2020-06-20,Alzheimer disease and dementia
2020,25,1,2020-06-14,US,4775,4635,4918,5185,410,1.5,2020-06-20,Alzheimer disease and dementia
2020,26,1,2020-06-21,FL,315,280,352,369,54,1.5,2020-06-27,Alzheimer disease and dementia
2020,26,1,2020-06-21,GA,139,116,163.02499999999964,153,14,1.5,2020-06-27,Alzheimer disease and dementia
2020,26,1,2020-06-21,MI,149,125,174,159,10,1.5,2020-06-27,Alzheimer disease and dementia
2020,26,1,2020-06-21,NJ,118,97,140,110,-8,1.5,2020-06-27,Alzheimer disease and dementia
2020,26,1,2020-06-21,US,4737,4600,4879,5117,380,1.5,2020-06-27,Alzheimer disease and dementia
2020,27,1,2020-06-28,FL,313,277,350,375,62,1.5,2020-07-04,Alzheimer disease and dementia
2020,27,1,2020-06-28,GA,140,117,165,178,38,1.5,2020-07-04,Alzheimer disease and dementia
2020,27,1,2020-06-28,MI,147.5,124,172,156,8.5,1.5,2020-07-04,Alzheimer disease and dementia
2020,27,1,2020-06-28,NJ,118,97,140,101,-17,1.5,2020-07-04,Alzheimer disease and dementia
2020,27,1,2020-06-28,US,4705,4568,4841,5174,469,1.5,2020-07-04,Alzheimer disease and dementia
2020,28,1,2020-07-05,FL,310,274,345,374,64,1.5,2020-07-11,Alzheimer disease and dementia
2020,28,1,2020-07-05,GA,140,118,165,171,31,1.5,2020-07-11,Alzheimer disease and dementia
2020,28,1,2020-07-05,MI,146,123,172,138,-8,1.5,2020-07-11,Alzheimer disease and dementia
2020,28,1,2020-07-05,NJ,118,97,140,118,0,1.5,2020-07-11,Alzheimer disease and dementia
2020,28,1,2020-07-05,US,4683,4546,4820.025,5281,598,1.5,2020-07-11,Alzheimer disease and dementia
2020,29,1,2020-07-12,FL,308,273,344,452,144,1.5,2020-07-18,Alzheimer disease and dementia
2020,29,1,2020-07-12,GA,141,118,166,197,56,1.5,2020-07-18,Alzheimer disease and dementia
2020,29,1,2020-07-12,MI,146,123,171,157,11,1.5,2020-07-18,Alzheimer disease and dementia
2020,29,1,2020-07-12,NJ,118,97,140,117,-1,1.5,2020-07-18,Alzheimer disease and dementia
2020,29,1,2020-07-12,US,4666,4528,4805,5380,714,1.5,2020-07-18,Alzheimer disease and dementia
2020,30,1,2020-07-19,FL,307,273,342,446,139,1.5,2020-07-25,Alzheimer disease and dementia
2020,30,1,2020-07-19,GA,142,119,167,191,49,1.5,2020-07-25,Alzheimer disease and dementia
2020,30,1,2020-07-19,MI,146,122,170,164,18,1.5,2020-07-25,Alzheimer disease and dementia
2020,30,1,2020-07-19,NJ,117,97,140,103,-14,1.5,2020-07-25,Alzheimer disease and dementia
2020,30,1,2020-07-19,US,4662,4525,4802,5305,643,1.5,2020-07-25,Alzheimer disease and dementia
2020,31,1,2020-07-26,FL,306,271,341,446,140,1.5,2020-08-01,Alzheimer disease and dementia
2020,31,1,2020-07-26,GA,143,119,168,186,43,1.5,2020-08-01,Alzheimer disease and dementia
2020,31,1,2020-07-26,MI,146,122,170,164,18,1.5,2020-08-01,Alzheimer disease and dementia
2020,31,1,2020-07-26,NJ,117,96,140,113,-4,1.5,2020-08-01,Alzheimer disease and dementia
2020,31,1,2020-07-26,US,4665,4528.975,4804,5219,554,1.5,2020-08-01,Alzheimer disease and dementia
2020,32,1,2020-08-02,FL,306,272,341,378,72,1.5,2020-08-08,Alzheimer disease and dementia
2020,32,1,2020-08-02,GA,143,120,168,174,31,1.5,2020-08-08,Alzheimer disease and dementia
2020,32,1,2020-08-02,MI,146,123,171,153,7,1.5,2020-08-08,Alzheimer disease and dementia
2020,32,1,2020-08-02,NJ,117,96,139,87,-30,1.5,2020-08-08,Alzheimer disease and dementia
2020,32,1,2020-08-02,US,4679,4544,4818,5041,362,1.5,2020-08-08,Alzheimer disease and dementia
2020,33,1,2020-08-09,FL,307,272,344,417,110,1.5,2020-08-15,Alzheimer disease and dementia
2020,33,1,2020-08-09,GA,144,120,168,153,9,1.5,2020-08-15,Alzheimer disease and dementia
2020,33,1,2020-08-09,MI,147,123,172,163,16,1.5,2020-08-15,Alzheimer disease and dementia
2020,33,1,2020-08-09,NJ,117,96,139,114,-3,1.5,2020-08-15,Alzheimer disease and dementia
2020,33,1,2020-08-09,US,4699,4564,4839,4830,131,1.5,2020-08-15,Alzheimer disease and dementia
2020,10,1,2020-03-01,FL,1450,1375,1529,1426,-24,5.5,2020-03-07,Circulatory diseases
2020,10,1,2020-03-01,GA,525,480,572,567,42,5.5,2020-03-07,Circulatory diseases
2020,10,1,2020-03-01,MI,686,632,740,648,-38,5.5,2020-03-07,Circulatory diseases
2020,10,1,2020-03-01,NJ,499,454,546,476,-23,5.5,2020-03-07,Circulatory diseases
2020,10,1,2020-03-01,US,18162,17886,18431.025,18054,-108,5.5,2020-03-07,Circulatory diseases
2020,11,1,2020-03-08,FL,1437,1362,1513,1393,-44,5.5,2020-03-14,Circulatory diseases
2020,11,1,2020-03-08,GA,520,475,568,527,7,5.5,2020-03-14,Circulatory diseases
2020,11,1,2020-03-08,MI,680,628,735,648,-32,5.5,2020-03-14,Circulatory diseases
2020,11,1,2020-03-08,NJ,492,446,538,486,-6,5.5,2020-03-14,Circulatory diseases
2020,11,1,2020-03-08,US,17957,17685.95,18225.024999999998,17690,-267,5.5,2020-03-14,Circulatory diseases
2020,12,1,2020-03-15,FL,1421,1345,1497,1336,-85,5.5,2020-03-21,Circulatory diseases
2020,12,1,2020-03-15,GA,516,469,562,510,-6,5.5,2020-03-21,Circulatory diseases
2020,12,1,2020-03-15,MI,675,623,728,688,13,5.5,2020-03-21,Circulatory diseases
2020,12,1,2020-03-15,NJ,483,440,529,503,20,5.5,2020-03-21,Circulatory diseases
2020,12,1,2020-03-15,US,17755,17490,18028,17462,-293,5.5,2020-03-21,Circulatory diseases
2020,13,1,2020-03-22,FL,1404,1329,1480,1343,-61,5.5,2020-03-28,Circulatory diseases
2020,13,1,2020-03-22,GA,510,466,558,518,8,5.5,2020-03-28,Circulatory diseases
2020,13,1,2020-03-22,MI,670,618,723,738,68,5.5,2020-03-28,Circulatory diseases
2020,13,1,2020-03-22,NJ,476,433,522,577,101,5.5,2020-03-28,Circulatory diseases
2020,13,1,2020-03-22,US,17556,17295,17824,17945,389,5.5,2020-03-28,Circulatory diseases
2020,14,1,2020-03-29,FL,1385,1310,1462,1392,7,5.5,2020-04-04,Circulatory diseases
2020,14,1,2020-03-29,GA,506,462,552,504,-2,5.5,2020-04-04,Circulatory diseases
2020,14,1,2020-03-29,MI,663,612,717,860,197,5.5,2020-04-04,Circulatory diseases
2020,14,1,2020-03-29,NJ,468,426,514,706,238,5.5,2020-04-04,Circulatory diseases
2020,14,1,2020-03-29,US,17368,17102,17640,19570,2202,5.5,2020-04-04,Circulatory diseases
2020,15,1,2020-04-05,FL,1368,1293,1445,1331,-37,5.5,2020-04-11,Circulatory diseases
2020,15,1,2020-04-05,GA,502,458,549,543,41,5.5,2020-04-11,Circulatory diseases
2020,15,1,2020-04-05,MI,657,606,710,888,231,5.5,2020-04-11,Circulatory diseases
2020,15,1,2020-04-05,NJ,461,419,506,818,357,5.5,2020-04-11,Circulatory diseases
2020,15,1,2020-04-05,US,17192,16931,17453.024999999998,20428,3236,5.5,2020-04-11,Circulatory diseases
2020,16,1,2020-04-12,FL,1351,1277,1426,1292,-59,5.5,2020-04-18,Circulatory diseases
2020,16,1,2020-04-12,GA,499,454,544,572,73,5.5,2020-04-18,Circulatory diseases
2020,16,1,2020-04-12,MI,652,601,703,784,132,5.5,2020-04-18,Circulatory diseases
2020,16,1,2020-04-12,NJ,456,412,500,754,298,5.5,2020-04-18,Circulatory diseases
2020,16,1,2020-04-12,US,17027,16766,17296.025,19157,2130,5.5,2020-04-18,Circulatory diseases
2020,17,1,2020-04-19,FL,1333,1261,1409,1355,22,5.5,2020-04-25,Circulatory diseases
2020,17,1,2020-04-19,GA,495,451,541,510,15,5.5,2020-04-25,Circulatory diseases
2020,17,1,2020-04-19,MI,645.5,593,699,692,46.5,5.5,2020-04-25,Circulatory diseases
2020,17,1,2020-04-19,NJ,450,409,494,662,212,5.5,2020-04-25,Circulatory diseases
2020,17,1,2020-04-19,US,16876.5,16609,17138.025,18274,1397.5,5.5,2020-04-25,Circulatory diseases
2020,18,1,2020-04-26,FL,1319,1246,1390,1236,-83,5.5,2020-05-02,Circulatory diseases
2020,18,1,2020-04-26,GA,493,448,538,503,10,5.5,2020-05-02,Circulatory diseases
2020,18,1,2020-04-26,MI,639,589,693,690,51,5.5,2020-05-02,Circulatory diseases
2020,18,1,2020-04-26,NJ,447,404,491,536,89,5.5,2020-05-02,Circulatory diseases
2020,18,1,2020-04-26,US,16732,16469,16992,17210,478,5.5,2020-05-02,Circulatory diseases
2020,19,1,2020-05-03,FL,1305,1231,1382,1276,-29,5.5,2020-05-09,Circulatory diseases
2020,19,1,2020-05-03,GA,489,446,536,500,11,5.5,2020-05-09,Circulatory diseases
2020,19,1,2020-05-03,MI,634,584,685,587,-47,5.5,2020-05-09,Circulatory diseases
2020,19,1,2020-05-03,NJ,443,401,488,483,40,5.5,2020-05-09,Circulatory diseases
2020,19,1,2020-05-03,US,16599,16338,16860,17140,541,5.5,2020-05-09,Circulatory diseases
2020,20,1,2020-05-10,FL,1293,1220,1365.0249999999996,1264,-29,5.5,2020-05-16,Circulatory diseases
2020,20,1,2020-05-10,GA,487,442,533,497,10,5.5,2020-05-16,Circulatory diseases
2020,20,1,2020-05-10,MI,627,577,680,645,18,5.5,2020-05-16,Circulatory diseases
2020,20,1,2020-05-10,NJ,440,399,484,523,83,5.5,2020-05-16,Circulatory diseases
2020,20,1,2020-05-10,US,16469,16204,16728,16816,347,5.5,2020-05-16,Circulatory diseases
2020,21,1,2020-05-17,FL,1280,1208,1354,1320,40,5.5,2020-05-23,Circulatory diseases
2020,21,1,2020-05-17,GA,485,441,529,520,35,5.5,2020-05-23,Circulatory diseases
2020,21,1,2020-05-17,MI,621,571,673,595,-26,5.5,2020-05-23,Circulatory diseases
2020,21,1,2020-05-17,NJ,438.5,397.975,483,479,40.5,5.5,2020-05-23,Circulatory diseases
2020,21,1,2020-05-17,US,16338,16080,16597,16690,352,5.5,2020-05-23,Circulatory diseases
2020,22,1,2020-05-24,FL,1269,1198,1343,1248,-21,5.5,2020-05-30,Circulatory diseases
2020,22,1,2020-05-24,GA,483,438,529,479,-4,5.5,2020-05-30,Circulatory diseases
2020,22,1,2020-05-24,MI,616,567,668,608,-8,5.5,2020-05-30,Circulatory diseases
2020,22,1,2020-05-24,NJ,437,396,479,416,-21,5.5,2020-05-30,Circulatory diseases
2020,22,1,2020-05-24,US,16218,15957,16472,16268,50,5.5,2020-05-30,Circulatory diseases
2020,23,1,2020-05-31,FL,1258,1186,1331,1276,18,5.5,2020-06-06,Circulatory diseases
2020,23,1,2020-05-31,GA,480,437,525,464,-16,5.5,2020-06-06,Circulatory diseases
2020,23,1,2020-05-31,MI,611,560,661,611,0,5.5,2020-06-06,Circulatory diseases
2020,23,1,2020-05-31,NJ,436,396,479,412,-24,5.5,2020-06-06,Circulatory diseases
2020,23,1,2020-05-31,US,16098,15843,16351,16157,59,5.5,2020-06-06,Circulatory diseases
2020,24,1,2020-06-07,FL,1249,1178,1322,1317,68,5.5,2020-06-13,Circulatory diseases
2020,24,1,2020-06-07,GA,478,435,522,466,-12,5.5,2020-06-13,Circulatory diseases
2020,24,1,2020-06-07,MI,604,555,655,599,-5,5.5,2020-06-13,Circulatory diseases
2020,24,1,2020-06-07,NJ,434,393,476,410,-24,5.5,2020-06-13,Circulatory diseases
2020,24,1,2020-06-07,US,15977,15716,16234,16083,106,5.5,2020-06-13,Circulatory diseases
2020,25,1,2020-06-14,FL,1240,1171,1311,1304,64,5.5,2020-06-20,Circulatory diseases
2020,25,1,2020-06-14,GA,475,432,520.0249999999996,453,-22,5.5,2020-06-20,Circulatory diseases
2020,25,1,2020-06-14,MI,598,549,650,572,-26,5.5,2020-06-20,Circulatory diseases
2020,25,1,2020-06-14,NJ,433,393,476,408,-25,5.5,2020-06-20,Circulatory diseases
2020,25,1,2020-06-14,US,15864,15611.975,16131,16090,226,5.5,2020-06-20,Circulatory diseases
2020,26,1,2020-06-21,FL,1231,1162,1303,1324,93,5.5,2020-06-27,Circulatory diseases
2020,26,1,2020-06-21,GA,473,429,516,451,-22,5.5,2020-06-27,Circulatory diseases
2020,26,1,2020-06-21,MI,593,546,642,586,-7,5.5,2020-06-27,Circulatory diseases
2020,26,1,2020-06-21,NJ,431,390,473,410,-21,5.5,2020-06-27,Circulatory diseases
2020,26,1,2020-06-21,US,15757,15504.975,16015,16091,334,5.5,2020-06-27,Circulatory diseases
2020,27,1,2020-06-28,FL,1223,1154,1294,1343,120,5.5,2020-07-04,Circulatory diseases
2020,27,1,2020-06-28,GA,471,427,515,519,48,5.5,2020-07-04,Circulatory diseases
2020,27,1,2020-06-28,MI,588,540,638,607,19,5.5,2020-07-04,Circulatory diseases
2020,27,1,2020-06-28,NJ,430,390,472,412,-18,5.5,2020-07-04,Circulatory diseases
2020,27,1,2020-06-28,US,15663,15409,15920,16169,506,5.5,2020-07-04,Circulatory diseases
2020,28,1,2020-07-05,FL,1217,1148,1288,1397,180,5.5,2020-07-11,Circulatory diseases
2020,28,1,2020-07-05,GA,468,426,511,519,51,5.5,2020-07-11,Circulatory diseases
2020,28,1,2020-07-05,MI,583,536,632,575,-8,5.5,2020-07-11,Circulatory diseases
2020,28,1,2020-07-05,NJ,427,386,470,416,-11,5.5,2020-07-11,Circulatory diseases
2020,28,1,2020-07-05,US,15582,15328,15833,16116,534,5.5,2020-07-11,Circulatory diseases
2020,29,1,2020-07-12,FL,1211,1143,1281,1382,171,5.5,2020-07-18,Circulatory diseases
2020,29,1,2020-07-12,GA,465,421.975,508,496,31,5.5,2020-07-18,Circulatory diseases
2020,29,1,2020-07-12,MI,580,533,628,563,-17,5.5,2020-07-18,Circulatory diseases
2020,29,1,2020-07-12,NJ,425,385,467,391,-34,5.5,2020-07-18,Circulatory diseases
2020,29,1,2020-07-12,US,15512,15265,15766,15835,323,5.5,2020-07-18,Circulatory diseases
2020,30,1,2020-07-19,FL,1206,1138,1275.0249999999996,1410,204,5.5,2020-07-25,Circulatory diseases
2020,30,1,2020-07-19,GA,462,419,507,526,64,5.5,2020-07-25,Circulatory diseases
2020,30,1,2020-07-19,MI,577,530,625,579,2,5.5,2020-07-25,Circulatory diseases
2020,30,1,2020-07-19,NJ,424,382,465,397,-27,5.5,2020-07-25,Circulatory diseases
2020,30,1,2020-07-19,US,15464,15211,15719,15562,98,5.5,2020-07-25,Circulatory diseases
2020,31,1,2020-07-26,FL,1202,1133,1273,1364,162,5.5,2020-08-01,Circulatory diseases
2020,31,1,2020-07-26,GA,460,418,505,458,-2,5.5,2020-08-01,Circulatory diseases
2020,31,1,2020-07-26,MI,575,527.975,624,581,6,5.5,2020-08-01,Circulatory diseases
2020,31,1,2020-07-26,NJ,422,380,463,400,-22,5.5,2020-08-01,Circulatory diseases
2020,31,1,2020-07-26,US,15426,15177,15679,15086,-340,5.5,2020-08-01,Circulatory diseases
2020,32,1,2020-08-02,FL,1199,1131,1270,1247,48,5.5,2020-08-08,Circulatory diseases
2020,32,1,2020-08-02,GA,457,414,502,406,-51,5.5,2020-08-08,Circulatory diseases
2020,32,1,2020-08-02,MI,574,527,622,610,36,5.5,2020-08-08,Circulatory diseases
2020,32,1,2020-08-02,NJ,420,379,462,395,-25,5.5,2020-08-08,Circulatory diseases
2020,32,1,2020-08-02,US,15409,15166.975,15660,14647,-762,5.5,2020-08-08,Circulatory diseases
2020,33,1,2020-08-09,FL,1196,1129,1267,1280,84,5.5,2020-08-15,Circulatory diseases
2020,33,1,2020-08-09,GA,456,413,500,389,-67,5.5,2020-08-15,Circulatory diseases
2020,33,1,2020-08-09,MI,574,525,623,624,50,5.5,2020-08-15,Circulatory diseases
2020,33,1,2020-08-09,NJ,419,378,461,352,-67,5.5,2020-08-15,Circulatory diseases
2020,33,1,2020-08-09,US,15412,15167.975,15663,13412,-2000,5.5,2020-08-15,Circulatory diseases
2020,10,1,2020-03-01,FL,917,856.975,979,925,8,1.5,2020-03-07,Malignant neoplasms
2020,10,1,2020-03-01,GA,346,309,385,325,-21,1.5,2020-03-07,Malignant neoplasms
2020,10,1,2020-03-01,MI,406,366,447,398,-8,1.5,2020-03-07,Malignant neoplasms
2020,10,1,2020-03-01,NJ,302,267,338,308,6,1.5,2020-03-07,Malignant neoplasms
2020,10,1,2020-03-01,US,11620,11404.975,11845.025,11685,65,1.5,2020-03-07,Malignant neoplasms
2020,11,1,2020-03-08,FL,916,857,979,927,11,1.5,2020-03-14,Malignant neoplasms
2020,11,1,2020-03-08,GA,345,308,383,325,-20,1.5,2020-03-14,Malignant neoplasms
2020,11,1,2020-03-08,MI,403,362,444,360,-43,1.5,2020-03-14,Malignant neoplasms
2020,11,1,2020-03-08,NJ,299,265,335,280,-19,1.5,2020-03-14,Malignant neoplasms
2020,11,1,2020-03-08,US,11577,11360,11799,11493,-84,1.5,2020-03-14,Malignant neoplasms
2020,12,1,2020-03-15,FL,913,852,974,890,-23,1.5,2020-03-21,Malignant neoplasms
2020,12,1,2020-03-15,GA,344,307,382,377,33,1.5,2020-03-21,Malignant neoplasms
2020,12,1,2020-03-15,MI,398,359,440,393,-5,1.5,2020-03-21,Malignant neoplasms
2020,12,1,2020-03-15,NJ,297,263,333,306,9,1.5,2020-03-21,Malignant neoplasms
2020,12,1,2020-03-15,US,11536,11317.975,11749,11688,152,1.5,2020-03-21,Malignant neoplasms
2020,13,1,2020-03-22,FL,909,848,971,934,25,1.5,2020-03-28,Malignant neoplasms
2020,13,1,2020-03-22,GA,343,306,381,371,28,1.5,2020-03-28,Malignant neoplasms
2020,13,1,2020-03-22,MI,396,356,436,444,48,1.5,2020-03-28,Malignant neoplasms
2020,13,1,2020-03-22,NJ,294,260,329,289,-5,1.5,2020-03-28,Malignant neoplasms
2020,13,1,2020-03-22,US,11494,11280,11713.025,11756,262,1.5,2020-03-28,Malignant neoplasms
2020,14,1,2020-03-29,FL,903,844.975,965,882,-21,1.5,2020-04-04,Malignant neoplasms
2020,14,1,2020-03-29,GA,342,305,381,361,19,1.5,2020-04-04,Malignant neoplasms
2020,14,1,2020-03-29,MI,392.5,354,434,431,38.5,1.5,2020-04-04,Malignant neoplasms
2020,14,1,2020-03-29,NJ,292,258,327,326,34,1.5,2020-04-04,Malignant neoplasms
2020,14,1,2020-03-29,US,11459,11242,11676,11584,125,1.5,2020-04-04,Malignant neoplasms
2020,15,1,2020-04-05,FL,897,836,958,913,16,1.5,2020-04-11,Malignant neoplasms
2020,15,1,2020-04-05,GA,342,305,379,327,-15,1.5,2020-04-11,Malignant neoplasms
2020,15,1,2020-04-05,MI,390,351,432,395,5,1.5,2020-04-11,Malignant neoplasms
2020,15,1,2020-04-05,NJ,289,256,325,324,35,1.5,2020-04-11,Malignant neoplasms
2020,15,1,2020-04-05,US,11424.5,11209,11639,11525,100.5,1.5,2020-04-11,Malignant neoplasms
2020,16,1,2020-04-12,FL,892,833,951,848,-44,1.5,2020-04-18,Malignant neoplasms
2020,16,1,2020-04-12,GA,341,304,378,309,-32,1.5,2020-04-18,Malignant neoplasms
2020,16,1,2020-04-12,MI,389,350,429,393,4,1.5,2020-04-18,Malignant neoplasms
2020,16,1,2020-04-12,NJ,288,254,323,343,55,1.5,2020-04-18,Malignant neoplasms
2020,16,1,2020-04-12,US,11401,11183,11612,11173,-228,1.5,2020-04-18,Malignant neoplasms
2020,17,1,2020-04-19,FL,885,825,947,863,-22,1.5,2020-04-25,Malignant neoplasms
2020,17,1,2020-04-19,GA,340,304,377,333,-7,1.5,2020-04-25,Malignant neoplasms
2020,17,1,2020-04-19,MI,388,349,429,378,-10,1.5,2020-04-25,Malignant neoplasms
2020,17,1,2020-04-19,NJ,286,253,322,268,-18,1.5,2020-04-25,Malignant neoplasms
2020,17,1,2020-04-19,US,11376,11161,11591,11319,-57,1.5,2020-04-25,Malignant neoplasms
2020,18,1,2020-04-26,FL,879,818,939,860,-19,1.5,2020-05-02,Malignant neoplasms
2020,18,1,2020-04-26,GA,340,303,377,322,-18,1.5,2020-05-02,Malignant neoplasms
2020,18,1,2020-04-26,MI,389,351,430,345,-44,1.5,2020-05-02,Malignant neoplasms
2020,18,1,2020-04-26,NJ,285,251,319,298,13,1.5,2020-05-02,Malignant neoplasms
2020,18,1,2020-04-26,US,11355,11140,11573,11053,-302,1.5,2020-05-02,Malignant neoplasms
2020,19,1,2020-05-03,FL,873,813.975,935,861,-12,1.5,2020-05-09,Malignant neoplasms
2020,19,1,2020-05-03,GA,339,302,377,329,-10,1.5,2020-05-09,Malignant neoplasms
2020,19,1,2020-05-03,MI,390,351,431,385,-5,1.5,2020-05-09,Malignant neoplasms
2020,19,1,2020-05-03,NJ,284,250,319,285,1,1.5,2020-05-09,Malignant neoplasms
2020,19,1,2020-05-03,US,11343,11124,11560,10986,-357,1.5,2020-05-09,Malignant neoplasms
2020,20,1,2020-05-10,FL,869,809,928,866,-3,1.5,2020-05-16,Malignant neoplasms
2020,20,1,2020-05-10,GA,339,302,377,365,26,1.5,2020-05-16,Malignant neoplasms
2020,20,1,2020-05-10,MI,393,354,435,350,-43,1.5,2020-05-16,Malignant neoplasms
2020,20,1,2020-05-10,NJ,283,250,318,268,-15,1.5,2020-05-16,Malignant neoplasms
2020,20,1,2020-05-10,US,11332,11119.975,11551,11230,-102,1.5,2020-05-16,Malignant neoplasms
2020,21,1,2020-05-17,FL,864,805,926,868,4,1.5,2020-05-23,Malignant neoplasms
2020,21,1,2020-05-17,GA,338,303,376,343,5,1.5,2020-05-23,Malignant neoplasms
2020,21,1,2020-05-17,MI,395,356,436,382,-13,1.5,2020-05-23,Malignant neoplasms
2020,21,1,2020-05-17,NJ,283,249,318,290,7,1.5,2020-05-23,Malignant neoplasms
2020,21,1,2020-05-17,US,11321,11110,11539,11076,-245,1.5,2020-05-23,Malignant neoplasms
2020,22,1,2020-05-24,FL,862,803,922,822,-40,1.5,2020-05-30,Malignant neoplasms
2020,22,1,2020-05-24,GA,338,302,376,301,-37,1.5,2020-05-30,Malignant neoplasms
2020,22,1,2020-05-24,MI,398,359,439,350,-48,1.5,2020-05-30,Malignant neoplasms
2020,22,1,2020-05-24,NJ,283,250,318,263,-20,1.5,2020-05-30,Malignant neoplasms
2020,22,1,2020-05-24,US,11317,11099,11531,10865,-452,1.5,2020-05-30,Malignant neoplasms
2020,23,1,2020-05-31,FL,860,800.975,921,884,24,1.5,2020-06-06,Malignant neoplasms
2020,23,1,2020-05-31,GA,338,302,375,338,0,1.5,2020-06-06,Malignant neoplasms
2020,23,1,2020-05-31,MI,401,362,441,393,-8,1.5,2020-06-06,Malignant neoplasms
2020,23,1,2020-05-31,NJ,284,251,319,251,-33,1.5,2020-06-06,Malignant neoplasms
2020,23,1,2020-05-31,US,11308,11093,11523,11034,-274,1.5,2020-06-06,Malignant neoplasms
2020,24,1,2020-06-07,FL,858,800,918,824,-34,1.5,2020-06-13,Malignant neoplasms
2020,24,1,2020-06-07,GA,338,302,377,329,-9,1.5,2020-06-13,Malignant neoplasms
2020,24,1,2020-06-07,MI,403,363,445,371,-32,1.5,2020-06-13,Malignant neoplasms
2020,24,1,2020-06-07,NJ,285,252,319,276,-9,1.5,2020-06-13,Malignant neoplasms
2020,24,1,2020-06-07,US,11301,11089,11518,11058,-243,1.5,2020-06-13,Malignant neoplasms
2020,25,1,2020-06-14,FL,857,799,917,865,8,1.5,2020-06-20,Malignant neoplasms
2020,25,1,2020-06-14,GA,339,301,376,324,-15,1.5,2020-06-20,Malignant neoplasms
2020,25,1,2020-06-14,MI,404,364,445,386,-18,1.5,2020-06-20,Malignant neoplasms
2020,25,1,2020-06-14,NJ,286,253,321,280,-6,1.5,2020-06-20,Malignant neoplasms
2020,25,1,2020-06-14,US,11299,11078,11514,11072,-227,1.5,2020-06-20,Malignant neoplasms
2020,26,1,2020-06-21,FL,856,798,917,832,-24,1.5,2020-06-27,Malignant neoplasms
2020,26,1,2020-06-21,GA,339,303,378,340,1,1.5,2020-06-27,Malignant neoplasms
2020,26,1,2020-06-21,MI,405,365,447,392,-13,1.5,2020-06-27,Malignant neoplasms
2020,26,1,2020-06-21,NJ,288,254,323,279,-9,1.5,2020-06-27,Malignant neoplasms
2020,26,1,2020-06-21,US,11296,11080,11513,11228,-68,1.5,2020-06-27,Malignant neoplasms
2020,27,1,2020-06-28,FL,856,797,915,877,21,1.5,2020-07-04,Malignant neoplasms
2020,27,1,2020-06-28,GA,339,303,378,316,-23,1.5,2020-07-04,Malignant neoplasms
2020,27,1,2020-06-28,MI,405,364,446,398,-7,1.5,2020-07-04,Malignant neoplasms
2020,27,1,2020-06-28,NJ,289,256,324,292,3,1.5,2020-07-04,Malignant neoplasms
2020,27,1,2020-06-28,US,11296,11084,11513.025,11034,-262,1.5,2020-07-04,Malignant neoplasms
2020,28,1,2020-07-05,FL,855,798,917,859,4,1.5,2020-07-11,Malignant neoplasms
2020,28,1,2020-07-05,GA,340,303,378,320,-20,1.5,2020-07-11,Malignant neoplasms
2020,28,1,2020-07-05,MI,404,363.975,445,402,-2,1.5,2020-07-11,Malignant neoplasms
2020,28,1,2020-07-05,NJ,291,257,326,259,-32,1.5,2020-07-11,Malignant neoplasms
2020,28,1,2020-07-05,US,11305,11086.975,11519,10988,-317,1.5,2020-07-11,Malignant neoplasms
2020,29,1,2020-07-12,FL,856,799,914,804,-52,1.5,2020-07-18,Malignant neoplasms
2020,29,1,2020-07-12,GA,340,305,379,365,25,1.5,2020-07-18,Malignant neoplasms
2020,29,1,2020-07-12,MI,403,363,444,412,9,1.5,2020-07-18,Malignant neoplasms
2020,29,1,2020-07-12,NJ,293,259,328,294,1,1.5,2020-07-18,Malignant neoplasms
2020,29,1,2020-07-12,US,11309,11096,11521,10907,-402,1.5,2020-07-18,Malignant neoplasms
2020,30,1,2020-07-19,FL,855,798,913,883,28,1.5,2020-07-25,Malignant neoplasms
2020,30,1,2020-07-19,GA,341,306,378,316,-25,1.5,2020-07-25,Malignant neoplasms
2020,30,1,2020-07-19,MI,402,363,444,380,-22,1.5,2020-07-25,Malignant neoplasms
2020,30,1,2020-07-19,NJ,294,260,329,293,-1,1.5,2020-07-25,Malignant neoplasms
2020,30,1,2020-07-19,US,11322,11107,11538.025,10982,-340,1.5,2020-07-25,Malignant neoplasms
2020,31,1,2020-07-26,FL,854,797,914,879,25,1.5,2020-08-01,Malignant neoplasms
2020,31,1,2020-07-26,GA,341,306,379,308,-33,1.5,2020-08-01,Malignant neoplasms
2020,31,1,2020-07-26,MI,401,361,442,397,-4,1.5,2020-08-01,Malignant neoplasms
2020,31,1,2020-07-26,NJ,295,261,329,293,-2,1.5,2020-08-01,Malignant neoplasms
2020,31,1,2020-07-26,US,11340,11126.975,11552.025,10817,-523,1.5,2020-08-01,Malignant neoplasms
2020,32,1,2020-08-02,FL,854,796,914,885,31,1.5,2020-08-08,Malignant neoplasms
2020,32,1,2020-08-02,GA,343,306,380,288,-55,1.5,2020-08-08,Malignant neoplasms
2020,32,1,2020-08-02,MI,400,360,441,344,-56,1.5,2020-08-08,Malignant neoplasms
2020,32,1,2020-08-02,NJ,296,262,332,289,-7,1.5,2020-08-08,Malignant neoplasms
2020,32,1,2020-08-02,US,11358,11146.975,11578,10557,-801,1.5,2020-08-08,Malignant neoplasms
2020,33,1,2020-08-09,FL,853,795,911,823,-30,1.5,2020-08-15,Malignant neoplasms
2020,33,1,2020-08-09,GA,342,306,380,255,-87,1.5,2020-08-15,Malignant neoplasms
2020,33,1,2020-08-09,MI,400,361,441,398,-2,1.5,2020-08-15,Malignant neoplasms
2020,33,1,2020-08-09,NJ,297,263,333,266,-31,1.5,2020-08-15,Malignant neoplasms
2020,33,1,2020-08-09,US,11381,11166.975,11595.025,9955,-1426,1.5,2020-08-15,Malignant neoplasms
2020,10,1,2020-03-01,FL,258,226,291,258,0,3.5,2020-03-07,Other select causes
2020,10,1,2020-03-01,GA,127,105,151,122,-5,3.5,2020-03-07,Other select causes
2020,10,1,2020-03-01,MI,118,97,141,127,9,3.5,2020-03-07,Other select causes
2020,10,1,2020-03-01,NJ,116,96,139,113,-3,3.5,2020-03-07,Other select causes
2020,10,1,2020-03-01,US,3700,3576,3825,3709,9,3.5,2020-03-07,Other select causes
2020,11,1,2020-03-08,FL,255,224,289,251,-4,3.5,2020-03-14,Other select causes
2020,11,1,2020-03-08,GA,126,104,150,106,-20,3.5,2020-03-14,Other select causes
2020,11,1,2020-03-08,MI,118,97,141,125,7,3.5,2020-03-14,Other select causes
2020,11,1,2020-03-08,NJ,114,93,137,105,-9,3.5,2020-03-14,Other select causes
2020,11,1,2020-03-08,US,3650,3530,3773,3517,-133,3.5,2020-03-14,Other select causes
2020,12,1,2020-03-15,FL,252,221,284,254,2,3.5,2020-03-21,Other select causes
2020,12,1,2020-03-15,GA,124,103,148,127,3,3.5,2020-03-21,Other select causes
2020,12,1,2020-03-15,MI,117,96,140,139,22,3.5,2020-03-21,Other select causes
2020,12,1,2020-03-15,NJ,112,92,135,141,29,3.5,2020-03-21,Other select causes
2020,12,1,2020-03-15,US,3601,3480,3721,3727,126,3.5,2020-03-21,Other select causes
2020,13,1,2020-03-22,FL,248,217,281,251,3,3.5,2020-03-28,Other select causes
2020,13,1,2020-03-22,GA,123,101,147,138,15,3.5,2020-03-28,Other select causes
2020,13,1,2020-03-22,MI,117,96,140,155,38,3.5,2020-03-28,Other select causes
2020,13,1,2020-03-22,NJ,110,89.97500000000002,132,147,37,3.5,2020-03-28,Other select causes
2020,13,1,2020-03-22,US,3554,3434,3676,3896,342,3.5,2020-03-28,Other select causes
2020,14,1,2020-03-29,FL,245,214,277,252,7,3.5,2020-04-04,Other select causes
2020,14,1,2020-03-29,GA,122,101,145,127,5,3.5,2020-04-04,Other select causes
2020,14,1,2020-03-29,MI,116,95,139,179,63,3.5,2020-04-04,Other select causes
2020,14,1,2020-03-29,NJ,108,88,130,209,101,3.5,2020-04-04,Other select causes
2020,14,1,2020-03-29,US,3507,3390.9750000000004,3629,4241,734,3.5,2020-04-04,Other select causes
2020,15,1,2020-04-05,FL,241,210,273,259,18,3.5,2020-04-11,Other select causes
2020,15,1,2020-04-05,GA,121,99,144,141,20,3.5,2020-04-11,Other select causes
2020,15,1,2020-04-05,MI,115,94,137,148,33,3.5,2020-04-11,Other select causes
2020,15,1,2020-04-05,NJ,106,85,128,203,97,3.5,2020-04-11,Other select causes
2020,15,1,2020-04-05,US,3464,3347.975,3588,4277,813,3.5,2020-04-11,Other select causes
2020,16,1,2020-04-12,FL,237,207,270,272,35,3.5,2020-04-18,Other select causes
2020,16,1,2020-04-12,GA,120,98,144,154,34,3.5,2020-04-18,Other select causes
2020,16,1,2020-04-12,MI,114,93,136,144,30,3.5,2020-04-18,Other select causes
2020,16,1,2020-04-12,NJ,104,84,125,197,93,3.5,2020-04-18,Other select causes
2020,16,1,2020-04-12,US,3426,3308.975,3542,4065,639,3.5,2020-04-18,Other select causes
2020,17,1,2020-04-19,FL,234,204,266,252,18,3.5,2020-04-25,Other select causes
2020,17,1,2020-04-19,GA,119,97,142,119,0,3.5,2020-04-25,Other select causes
2020,17,1,2020-04-19,MI,112,92,135,145,33,3.5,2020-04-25,Other select causes
2020,17,1,2020-04-19,NJ,103,83,124,177,74,3.5,2020-04-25,Other select causes
2020,17,1,2020-04-19,US,3387,3271,3504.0249999999996,3769,382,3.5,2020-04-25,Other select causes
2020,18,1,2020-04-26,FL,231,201,263,256,25,3.5,2020-05-02,Other select causes
2020,18,1,2020-04-26,GA,118,96,141,117,-1,3.5,2020-05-02,Other select causes
2020,18,1,2020-04-26,MI,111,91,133,144,33,3.5,2020-05-02,Other select causes
2020,18,1,2020-04-26,NJ,101,82,123,143,42,3.5,2020-05-02,Other select causes
2020,18,1,2020-04-26,US,3354.5,3240,3475,3598,243.5,3.5,2020-05-02,Other select causes
2020,19,1,2020-05-03,FL,229,199,260,263,34,3.5,2020-05-09,Other select causes
2020,19,1,2020-05-03,GA,117,96,139,132,15,3.5,2020-05-09,Other select causes
2020,19,1,2020-05-03,MI,109,89,131,121,12,3.5,2020-05-09,Other select causes
2020,19,1,2020-05-03,NJ,100,81,122,128,28,3.5,2020-05-09,Other select causes
2020,19,1,2020-05-03,US,3321,3207,3439,3597,276,3.5,2020-05-09,Other select causes
2020,20,1,2020-05-10,FL,226,197,257,237,11,3.5,2020-05-16,Other select causes
2020,20,1,2020-05-10,GA,116,95,139,130,14,3.5,2020-05-16,Other select causes
2020,20,1,2020-05-10,MI,107,87,128,124,17,3.5,2020-05-16,Other select causes
2020,20,1,2020-05-10,NJ,100,81,121,121,21,3.5,2020-05-16,Other select causes
2020,20,1,2020-05-10,US,3288,3173,3409,3573,285,3.5,2020-05-16,Other select causes
2020,21,1,2020-05-17,FL,224,194,254,252,28,3.5,2020-05-23,Other select causes
2020,21,1,2020-05-17,GA,115,94,138,110,-5,3.5,2020-05-23,Other select causes
2020,21,1,2020-05-17,MI,105,85,126,101,-4,3.5,2020-05-23,Other select causes
2020,21,1,2020-05-17,NJ,100,80,121,95,-5,3.5,2020-05-23,Other select causes
2020,21,1,2020-05-17,US,3259,3141,3375,3410,151,3.5,2020-05-23,Other select causes
2020,22,1,2020-05-24,FL,222,192,253,252,30,3.5,2020-05-30,Other select causes
2020,22,1,2020-05-24,GA,114,93,137,120,6,3.5,2020-05-30,Other select causes
2020,22,1,2020-05-24,MI,103,83,125,96,-7,3.5,2020-05-30,Other select causes
2020,22,1,2020-05-24,NJ,99,80,120,100,1,3.5,2020-05-30,Other select causes
2020,22,1,2020-05-24,US,3228,3115,3342.0249999999996,3308,80,3.5,2020-05-30,Other select causes
2020,23,1,2020-05-31,FL,220,190.97500000000002,251,228,8,3.5,2020-06-06,Other select causes
2020,23,1,2020-05-31,GA,113,93,136,104,-9,3.5,2020-06-06,Other select causes
2020,23,1,2020-05-31,MI,102,82,123,117,15,3.5,2020-06-06,Other select causes
2020,23,1,2020-05-31,NJ,99,80,119,90,-9,3.5,2020-06-06,Other select causes
2020,23,1,2020-05-31,US,3202,3088,3320,3302,100,3.5,2020-06-06,Other select causes
2020,24,1,2020-06-07,FL,219,189,249,217,-2,3.5,2020-06-13,Other select causes
2020,24,1,2020-06-07,GA,112,92,134,96,-16,3.5,2020-06-13,Other select causes
2020,24,1,2020-06-07,MI,100,81,121,131,31,3.5,2020-06-13,Other select causes
2020,24,1,2020-06-07,NJ,98,79,119,92,-6,3.5,2020-06-13,Other select causes
2020,24,1,2020-06-07,US,3174,3061,3290,3293,119,3.5,2020-06-13,Other select causes
2020,25,1,2020-06-14,FL,218,188,249,246,28,3.5,2020-06-20,Other select causes
2020,25,1,2020-06-14,GA,112,91,133,141,29,3.5,2020-06-20,Other select causes
2020,25,1,2020-06-14,MI,99,80,120,110,11,3.5,2020-06-20,Other select causes
2020,25,1,2020-06-14,NJ,98,78,118,97,-1,3.5,2020-06-20,Other select causes
2020,25,1,2020-06-14,US,3149,3039,3265,3326,177,3.5,2020-06-20,Other select causes
2020,26,1,2020-06-21,FL,217,188,247,240,23,3.5,2020-06-27,Other select causes
2020,26,1,2020-06-21,GA,111,90,132.02499999999964,123,12,3.5,2020-06-27,Other select causes
2020,26,1,2020-06-21,MI,99,79,119,102,3,3.5,2020-06-27,Other select causes
2020,26,1,2020-06-21,NJ,97,78,118,101,4,3.5,2020-06-27,Other select causes
2020,26,1,2020-06-21,US,3126,3014.9750000000004,3243,3342,216,3.5,2020-06-27,Other select causes
2020,27,1,2020-06-28,FL,216,188,246,269,53,3.5,2020-07-04,Other select causes
2020,27,1,2020-06-28,GA,110,89,132,137,27,3.5,2020-07-04,Other select causes
2020,27,1,2020-06-28,MI,98,79,119,130,32,3.5,2020-07-04,Other select causes
2020,27,1,2020-06-28,NJ,96,77.97500000000002,117,109,13,3.5,2020-07-04,Other select causes
2020,27,1,2020-06-28,US,3107,2997,3218,3431,324,3.5,2020-07-04,Other select causes
2020,28,1,2020-07-05,FL,216,186,246,287,71,3.5,2020-07-11,Other select causes
2020,28,1,2020-07-05,GA,109,89,131,124,15,3.5,2020-07-11,Other select causes
2020,28,1,2020-07-05,MI,98,79,119,116,18,3.5,2020-07-11,Other select causes
2020,28,1,2020-07-05,NJ,96,77,116,78,-18,3.5,2020-07-11,Other select causes
2020,28,1,2020-07-05,US,3092,2981,3207.0249999999996,3401,309,3.5,2020-07-11,Other select causes
2020,29,1,2020-07-12,FL,215,186,245,294,79,3.5,2020-07-18,Other select causes
2020,29,1,2020-07-12,GA,108,88,130,111,3,3.5,2020-07-18,Other select causes
2020,29,1,2020-07-12,MI,98,80,119,104,6,3.5,2020-07-18,Other select causes
2020,29,1,2020-07-12,NJ,95,76,116,97,2,3.5,2020-07-18,Other select causes
2020,29,1,2020-07-12,US,3081,2968,3193,3317,236,3.5,2020-07-18,Other select causes
2020,30,1,2020-07-19,FL,215,186,245,262,47,3.5,2020-07-25,Other select causes
2020,30,1,2020-07-19,GA,108,88,129,103,-5,3.5,2020-07-25,Other select causes
2020,30,1,2020-07-19,MI,99,80,120,118,19,3.5,2020-07-25,Other select causes
2020,30,1,2020-07-19,NJ,94,76,115,97,3,3.5,2020-07-25,Other select causes
2020,30,1,2020-07-19,US,3075,2965,3188,3286,211,3.5,2020-07-25,Other select causes
2020,31,1,2020-07-26,FL,215,186,244,243,28,3.5,2020-08-01,Other select causes
2020,31,1,2020-07-26,GA,107,87,129,93,-14,3.5,2020-08-01,Other select causes
2020,31,1,2020-07-26,MI,100,80,120,121,21,3.5,2020-08-01,Other select causes
2020,31,1,2020-07-26,NJ,94,75,114,94,0,3.5,2020-08-01,Other select causes
2020,31,1,2020-07-26,US,3072,2963,3186,3255,183,3.5,2020-08-01,Other select causes
2020,32,1,2020-08-02,FL,215,187,244,224,9,3.5,2020-08-08,Other select causes
2020,32,1,2020-08-02,GA,107,87,128,114,7,3.5,2020-08-08,Other select causes
2020,32,1,2020-08-02,MI,100,81,121,94,-6,3.5,2020-08-08,Other select causes
2020,32,1,2020-08-02,NJ,94,75,114,93,-1,3.5,2020-08-08,Other select causes
2020,32,1,2020-08-02,US,3073,2964,3191,2981,-92,3.5,2020-08-08,Other select causes
2020,33,1,2020-08-09,FL,214,185,244,238,24,3.5,2020-08-15,Other select causes
2020,33,1,2020-08-09,GA,107,87,129,94,-13,3.5,2020-08-15,Other select causes
2020,33,1,2020-08-09,MI,101,81,121,93,-8,3.5,2020-08-15,Other select causes
2020,33,1,2020-08-09,NJ,93,75,113,89,-4,3.5,2020-08-15,Other select causes
2020,33,1,2020-08-09,US,3079,2968,3192,2765,-314,3.5,2020-08-15,Other select causes
2020,10,1,2020-03-01,FL,595,546,647,509,-86,2.5,2020-03-07,Residual (all other natural causes)
2020,10,1,2020-03-01,GA,199,172,229,211,12,1.5,2020-03-07,Residual (all other natural causes)
2020,10,1,2020-03-01,MI,226,196,258,232,6,1.5,2020-03-07,Residual (all other natural causes)
2020,10,1,2020-03-01,NJ,168,143,195,161,-7,1.5,2020-03-07,Residual (all other natural causes)
2020,10,1,2020-03-01,US,7301,7127,7476,7068,-233,1.5,2020-03-07,Residual (all other natural causes)
2020,11,1,2020-03-08,FL,596,547,647,489,-107,2.5,2020-03-14,Residual (all other natural causes)
2020,11,1,2020-03-08,GA,198,170.97500000000002,227,219,21,1.5,2020-03-14,Residual (all other natural causes)
2020,11,1,2020-03-08,MI,226,196,257,243,17,1.5,2020-03-14,Residual (all other natural causes)
2020,11,1,2020-03-08,NJ,166,141,193,152,-14,1.5,2020-03-14,Residual (all other natural causes)
2020,11,1,2020-03-08,US,7229,7056,7405,7056,-173,1.5,2020-03-14,Residual (all other natural causes)
2020,12,1,2020-03-15,FL,358,321,397,431,73,1.5,2020-03-21,Residual (all other natural causes)
2020,12,1,2020-03-15,GA,197,169,227,212,15,1.5,2020-03-21,Residual (all other natural causes)
2020,12,1,2020-03-15,MI,227,197,258,259,32,1.5,2020-03-21,Residual (all other natural causes)
2020,12,1,2020-03-15,NJ,165,140,192,167,2,1.5,2020-03-21,Residual (all other natural causes)
2020,12,1,2020-03-15,US,7157,6987,7327,7036,-121,1.5,2020-03-21,Residual (all other natural causes)
2020,13,1,2020-03-22,FL,595,546,646,457,-138,2.5,2020-03-28,Residual (all other natural causes)
2020,13,1,2020-03-22,GA,196,168,226,181,-15,1.5,2020-03-28,Residual (all other natural causes)
2020,13,1,2020-03-22,MI,378,339,419,262,-116,2.5,2020-03-28,Residual (all other natural causes)
2020,13,1,2020-03-22,NJ,273,241,308,227,-46,2.5,2020-03-28,Residual (all other natural causes)
2020,13,1,2020-03-22,US,7090,6922,7260,7353,263,1.5,2020-03-28,Residual (all other natural causes)
2020,14,1,2020-03-29,FL,592,543.975,644,437,-155,2.5,2020-04-04,Residual (all other natural causes)
2020,14,1,2020-03-29,GA,195,167,225,197,2,1.5,2020-04-04,Residual (all other natural causes)
2020,14,1,2020-03-29,MI,379,340,420,278,-101,2.5,2020-04-04,Residual (all other natural causes)
2020,14,1,2020-03-29,NJ,271,238,306,275,4,2.5,2020-04-04,Residual (all other natural causes)
2020,14,1,2020-03-29,US,7025,6855,7194,7605,580,1.5,2020-04-04,Residual (all other natural causes)
2020,15,1,2020-04-05,FL,589,540,641,404,-185,2.5,2020-04-11,Residual (all other natural causes)
2020,15,1,2020-04-05,GA,194,167,224,197,3,1.5,2020-04-11,Residual (all other natural causes)
2020,15,1,2020-04-05,MI,379,339,420,331,-48,2.5,2020-04-11,Residual (all other natural causes)
2020,15,1,2020-04-05,NJ,269,236,304,271,2,2.5,2020-04-11,Residual (all other natural causes)
2020,15,1,2020-04-05,US,6968,6803,7140,7608,640,1.5,2020-04-11,Residual (all other natural causes)
2020,16,1,2020-04-12,FL,351,314,390,450,99,1.5,2020-04-18,Residual (all other natural causes)
2020,16,1,2020-04-12,GA,194,166,223,192,-2,1.5,2020-04-18,Residual (all other natural causes)
2020,16,1,2020-04-12,MI,378,339,420,268,-110,2.5,2020-04-18,Residual (all other natural causes)
2020,16,1,2020-04-12,NJ,267,234,301,269,2,2.5,2020-04-18,Residual (all other natural causes)
2020,16,1,2020-04-12,US,6919,6750,7089,7278,359,1.5,2020-04-18,Residual (all other natural causes)
2020,17,1,2020-04-19,FL,582,534,633,448,-134,2.5,2020-04-25,Residual (all other natural causes)
2020,17,1,2020-04-19,GA,193,165,222,210,17,1.5,2020-04-25,Residual (all other natural causes)
2020,17,1,2020-04-19,MI,377,337,418,226,-151,2.5,2020-04-25,Residual (all other natural causes)
2020,17,1,2020-04-19,NJ,265,232,299,256,-9,2.5,2020-04-25,Residual (all other natural causes)
2020,17,1,2020-04-19,US,6868,6707,7041,7104,236,1.5,2020-04-25,Residual (all other natural causes)
2020,18,1,2020-04-26,FL,580,531,630,436,-144,2.5,2020-05-02,Residual (all other natural causes)
2020,18,1,2020-04-26,GA,192,165,222,216,24,1.5,2020-05-02,Residual (all other natural causes)
2020,18,1,2020-04-26,MI,374,335,414,238,-136,2.5,2020-05-02,Residual (all other natural causes)
2020,18,1,2020-04-26,NJ,262,229,297,181,-81,2.5,2020-05-02,Residual (all other natural causes)
2020,18,1,2020-04-26,US,6824,6658,6997,6692,-132,1.5,2020-05-02,Residual (all other natural causes)
2020,19,1,2020-05-03,FL,347,311,387,440,93,1.5,2020-05-09,Residual (all other natural causes)
2020,19,1,2020-05-03,GA,191,164.97500000000002,220,194,3,1.5,2020-05-09,Residual (all other natural causes)
2020,19,1,2020-05-03,MI,223,192,254,166,-57,1.5,2020-05-09,Residual (all other natural causes)
2020,19,1,2020-05-03,NJ,260,227,293,158,-102,2.5,2020-05-09,Residual (all other natural causes)
2020,19,1,2020-05-03,US,6785,6619,6953,6424,-361,1.5,2020-05-09,Residual (all other natural causes)
2020,20,1,2020-05-10,FL,349,312,388,372,23,1.5,2020-05-16,Residual (all other natural causes)
2020,20,1,2020-05-10,GA,190,163,219,211,21,1.5,2020-05-16,Residual (all other natural causes)
2020,20,1,2020-05-10,MI,367,329,408,241,-126,2.5,2020-05-16,Residual (all other natural causes)
2020,20,1,2020-05-10,NJ,257,225,292,183,-74,2.5,2020-05-16,Residual (all other natural causes)
2020,20,1,2020-05-10,US,6741,6576.975,6911,6617,-124,1.5,2020-05-16,Residual (all other natural causes)
2020,21,1,2020-05-17,FL,586,537,637,399,-187,2.5,2020-05-23,Residual (all other natural causes)
2020,21,1,2020-05-17,GA,189,161,217.02499999999964,182,-7,1.5,2020-05-23,Residual (all other natural causes)
2020,21,1,2020-05-17,MI,217,188,248,208,-9,1.5,2020-05-23,Residual (all other natural causes)
2020,21,1,2020-05-17,NJ,152,128,178,140,-12,1.5,2020-05-23,Residual (all other natural causes)
2020,21,1,2020-05-17,US,6702,6535,6868,6202,-500,1.5,2020-05-23,Residual (all other natural causes)
2020,22,1,2020-05-24,FL,355,318,394,417,62,1.5,2020-05-30,Residual (all other natural causes)
2020,22,1,2020-05-24,GA,187,161,216,169,-18,1.5,2020-05-30,Residual (all other natural causes)
2020,22,1,2020-05-24,MI,215,186,245,198,-17,1.5,2020-05-30,Residual (all other natural causes)
2020,22,1,2020-05-24,NJ,150,127,176,148,-2,1.5,2020-05-30,Residual (all other natural causes)
2020,22,1,2020-05-24,US,6657,6492,6823.025,5836,-821,1.5,2020-05-30,Residual (all other natural causes)
2020,23,1,2020-05-31,FL,602,553,652,392,-210,2.5,2020-06-06,Residual (all other natural causes)
2020,23,1,2020-05-31,GA,186,159,213,199,13,1.5,2020-06-06,Residual (all other natural causes)
2020,23,1,2020-05-31,MI,212,183,243,210,-2,1.5,2020-06-06,Residual (all other natural causes)
2020,23,1,2020-05-31,NJ,248,216,282,139,-109,2.5,2020-06-06,Residual (all other natural causes)
2020,23,1,2020-05-31,US,6613,6447,6778.025,5842,-771,1.5,2020-06-06,Residual (all other natural causes)
2020,24,1,2020-06-07,FL,613,563,665,411,-202,2.5,2020-06-13,Residual (all other natural causes)
2020,24,1,2020-06-07,GA,185,159,213,180,-5,1.5,2020-06-13,Residual (all other natural causes)
2020,24,1,2020-06-07,MI,210,182,240,189,-21,1.5,2020-06-13,Residual (all other natural causes)
2020,24,1,2020-06-07,NJ,147,124,173,109,-38,1.5,2020-06-13,Residual (all other natural causes)
2020,24,1,2020-06-07,US,6570,6407,6737,5754,-816,1.5,2020-06-13,Residual (all other natural causes)
2020,25,1,2020-06-14,FL,627,576,680,446,-181,2.5,2020-06-20,Residual (all other natural causes)
2020,25,1,2020-06-14,GA,184,158,212,167,-17,1.5,2020-06-20,Residual (all other natural causes)
2020,25,1,2020-06-14,MI,208,179,238,168,-40,1.5,2020-06-20,Residual (all other natural causes)
2020,25,1,2020-06-14,NJ,146,122,171,87,-59,1.5,2020-06-20,Residual (all other natural causes)
2020,25,1,2020-06-14,US,6528,6363,6693.025,5448,-1080,1.5,2020-06-20,Residual (all other natural causes)
2020,26,1,2020-06-21,FL,383,345,424,360,-23,1.5,2020-06-27,Residual (all other natural causes)
2020,26,1,2020-06-21,GA,184,157,212,197,13,1.5,2020-06-27,Residual (all other natural causes)
2020,26,1,2020-06-21,MI,207,178,237,194,-13,1.5,2020-06-27,Residual (all other natural causes)
2020,26,1,2020-06-21,NJ,145,120.97500000000002,170,111,-34,1.5,2020-06-27,Residual (all other natural causes)
2020,26,1,2020-06-21,US,6489,6327,6655,5375,-1114,1.5,2020-06-27,Residual (all other natural causes)
2020,27,1,2020-06-28,FL,652,601,705,356,-296,2.5,2020-07-04,Residual (all other natural causes)
2020,27,1,2020-06-28,GA,183,157,210,196,13,1.5,2020-07-04,Residual (all other natural causes)
2020,27,1,2020-06-28,MI,206,177,236,177,-29,1.5,2020-07-04,Residual (all other natural causes)
2020,27,1,2020-06-28,NJ,144,121,169,57,-87,1.5,2020-07-04,Residual (all other natural causes)
2020,27,1,2020-06-28,US,6456,6296,6618,5008,-1448,1.5,2020-07-04,Residual (all other natural causes)
2020,28,1,2020-07-05,FL,661,611,714,305,-356,2.5,2020-07-11,Residual (all other natural causes)
2020,28,1,2020-07-05,GA,184,157,212,179,-5,1.5,2020-07-11,Residual (all other natural causes)
2020,28,1,2020-07-05,MI,206,178,235,211,5,1.5,2020-07-11,Residual (all other natural causes)
2020,28,1,2020-07-05,NJ,143,120,168,98,-45,1.5,2020-07-11,Residual (all other natural causes)
2020,28,1,2020-07-05,US,6430,6272,6585,4687,-1743,1.5,2020-07-11,Residual (all other natural causes)
2020,29,1,2020-07-12,FL,401,360.975,442,287,-114,1.5,2020-07-18,Residual (all other natural causes)
2020,29,1,2020-07-12,GA,308,272,344,225,-83,2.5,2020-07-18,Residual (all other natural causes)
2020,29,1,2020-07-12,MI,206,178,236,127,-79,1.5,2020-07-18,Residual (all other natural causes)
2020,29,1,2020-07-12,NJ,142,119,168,80,-62,1.5,2020-07-18,Residual (all other natural causes)
2020,29,1,2020-07-12,US,6407,6244,6570,4416,-1991,1.5,2020-07-18,Residual (all other natural causes)
2020,30,1,2020-07-19,FL,670,618,723,255,-415,2.5,2020-07-25,Residual (all other natural causes)
2020,30,1,2020-07-19,GA,309,274,345,195,-114,2.5,2020-07-25,Residual (all other natural causes)
2020,30,1,2020-07-19,MI,207,179,237,143,-64,1.5,2020-07-25,Residual (all other natural causes)
2020,30,1,2020-07-19,NJ,143,119,167,124,-19,1.5,2020-07-25,Residual (all other natural causes)
2020,30,1,2020-07-19,US,6396,6237,6552,4339,-2057,1.5,2020-07-25,Residual (all other natural causes)
2020,31,1,2020-07-26,FL,668,616,721,151,-517,2.5,2020-08-01,Residual (all other natural causes)
2020,31,1,2020-07-26,GA,186,160,215,142,-44,1.5,2020-08-01,Residual (all other natural causes)
2020,31,1,2020-07-26,MI,209,180,238,130,-79,1.5,2020-08-01,Residual (all other natural causes)
2020,31,1,2020-07-26,NJ,143,120,168,71,-72,1.5,2020-08-01,Residual (all other natural causes)
2020,31,1,2020-07-26,US,6394,6233.9749999999995,6551,3654,-2740,1.5,2020-08-01,Residual (all other natural causes)
2020,32,1,2020-08-02,FL,396,357,438,133,-263,1.5,2020-08-08,Residual (all other natural causes)
2020,32,1,2020-08-02,GA,188,161,216,154,-34,1.5,2020-08-08,Residual (all other natural causes)
2020,32,1,2020-08-02,MI,210,182,240,169,-41,1.5,2020-08-08,Residual (all other natural causes)
2020,32,1,2020-08-02,NJ,143,120,168,67,-76,1.5,2020-08-08,Residual (all other natural causes)
2020,32,1,2020-08-02,US,6397,6239,6556,3453,-2944,1.5,2020-08-08,Residual (all other natural causes)
2020,33,1,2020-08-09,FL,650,599,702,150,-500,2.5,2020-08-15,Residual (all other natural causes)
2020,33,1,2020-08-09,GA,190,163,218,117,-73,1.5,2020-08-15,Residual (all other natural causes)
2020,33,1,2020-08-09,MI,212,183,242,110,-102,1.5,2020-08-15,Residual (all other natural causes)
2020,33,1,2020-08-09,NJ,144,121,169,74,-70,1.5,2020-08-15,Residual (all other natural causes)
2020,33,1,2020-08-09,US,6409,6249,6572,2916,-3493,1.5,2020-08-15,Residual (all other natural causes)
2020,10,1,2020-03-01,FL,456,414,501,447,-9,3.5,2020-03-07,Respiratory diseases
2020,10,1,2020-03-01,GA,197,169,227,158,-39,3.5,2020-03-07,Respiratory diseases
2020,10,1,2020-03-01,MI,217,189,249,225,8,3.5,2020-03-07,Respiratory diseases
2020,10,1,2020-03-01,NJ,159,134,185,160,1,3.5,2020-03-07,Respiratory diseases
2020,10,1,2020-03-01,US,6403,6238,6571,6538,135,3.5,2020-03-07,Respiratory diseases
2020,11,1,2020-03-08,FL,447,405,492,450,3,3.5,2020-03-14,Respiratory diseases
2020,11,1,2020-03-08,GA,194,166,222,205,11,3.5,2020-03-14,Respiratory diseases
2020,11,1,2020-03-08,MI,216,187,247,232,16,3.5,2020-03-14,Respiratory diseases
2020,11,1,2020-03-08,NJ,154,129,179,150,-4,3.5,2020-03-14,Respiratory diseases
2020,11,1,2020-03-08,US,6245,6086,6409,6440,195,3.5,2020-03-14,Respiratory diseases
2020,12,1,2020-03-15,FL,437,395,480,464,27,3.5,2020-03-21,Respiratory diseases
2020,12,1,2020-03-15,GA,190,163,219,187,-3,3.5,2020-03-21,Respiratory diseases
2020,12,1,2020-03-15,MI,214,185,244,192,-22,3.5,2020-03-21,Respiratory diseases
2020,12,1,2020-03-15,NJ,148,123.97500000000002,173,173,25,3.5,2020-03-21,Respiratory diseases
2020,12,1,2020-03-15,US,6083,5919,6244,6583,500,3.5,2020-03-21,Respiratory diseases
2020,13,1,2020-03-22,FL,426,385,470,437,11,3.5,2020-03-28,Respiratory diseases
2020,13,1,2020-03-22,GA,186,159,214,211,25,3.5,2020-03-28,Respiratory diseases
2020,13,1,2020-03-22,MI,211,183,242,258,47,3.5,2020-03-28,Respiratory diseases
2020,13,1,2020-03-22,NJ,143,119,169,258,115,3.5,2020-03-28,Respiratory diseases
2020,13,1,2020-03-22,US,5929,5774,6091,6872,943,3.5,2020-03-28,Respiratory diseases
2020,14,1,2020-03-29,FL,416,376,459,426,10,3.5,2020-04-04,Respiratory diseases
2020,14,1,2020-03-29,GA,183,155,211,223,40,3.5,2020-04-04,Respiratory diseases
2020,14,1,2020-03-29,MI,209,180,239,283,74,3.5,2020-04-04,Respiratory diseases
2020,14,1,2020-03-29,NJ,138,115,163,319,181,3.5,2020-04-04,Respiratory diseases
2020,14,1,2020-03-29,US,5788,5631,5945,6927,1139,3.5,2020-04-04,Respiratory diseases
2020,15,1,2020-04-05,FL,407,367,449,381,-26,3.5,2020-04-11,Respiratory diseases
2020,15,1,2020-04-05,GA,179,152,207,201,22,3.5,2020-04-11,Respiratory diseases
2020,15,1,2020-04-05,MI,205,177,236,240,35,3.5,2020-04-11,Respiratory diseases
2020,15,1,2020-04-05,NJ,134,112,159,369,235,3.5,2020-04-11,Respiratory diseases
2020,15,1,2020-04-05,US,5659,5508.975,5813,6541,882,3.5,2020-04-11,Respiratory diseases
2020,16,1,2020-04-12,FL,400,359,441,345,-55,3.5,2020-04-18,Respiratory diseases
2020,16,1,2020-04-12,GA,176,149,203,165,-11,3.5,2020-04-18,Respiratory diseases
2020,16,1,2020-04-12,MI,202,174,232,217,15,3.5,2020-04-18,Respiratory diseases
2020,16,1,2020-04-12,NJ,131,109,155,266,135,3.5,2020-04-18,Respiratory diseases
2020,16,1,2020-04-12,US,5543,5395,5696,5788,245,3.5,2020-04-18,Respiratory diseases
2020,17,1,2020-04-19,FL,393,353,433,373,-20,3.5,2020-04-25,Respiratory diseases
2020,17,1,2020-04-19,GA,172,146,199,174,2,3.5,2020-04-25,Respiratory diseases
2020,17,1,2020-04-19,MI,199,171,228,214,15,3.5,2020-04-25,Respiratory diseases
2020,17,1,2020-04-19,NJ,128,106,153,264,136,3.5,2020-04-25,Respiratory diseases
2020,17,1,2020-04-19,US,5442,5293,5593,5412,-30,3.5,2020-04-25,Respiratory diseases
2020,18,1,2020-04-26,FL,387,347,427,320,-67,3.5,2020-05-02,Respiratory diseases
2020,18,1,2020-04-26,GA,168,143,194,182,14,3.5,2020-05-02,Respiratory diseases
2020,18,1,2020-04-26,MI,195,167,224,187,-8,3.5,2020-05-02,Respiratory diseases
2020,18,1,2020-04-26,NJ,127,104,150,198,71,3.5,2020-05-02,Respiratory diseases
2020,18,1,2020-04-26,US,5346,5198,5494,5144,-202,3.5,2020-05-02,Respiratory diseases
2020,19,1,2020-05-03,FL,382,344,422,349,-33,3.5,2020-05-09,Respiratory diseases
2020,19,1,2020-05-03,GA,164,140,191,189,25,3.5,2020-05-09,Respiratory diseases
2020,19,1,2020-05-03,MI,190,163,220,174,-16,3.5,2020-05-09,Respiratory diseases
2020,19,1,2020-05-03,NJ,125,104,149,153,28,3.5,2020-05-09,Respiratory diseases
2020,19,1,2020-05-03,US,5256,5108,5402,4910,-346,3.5,2020-05-09,Respiratory diseases
2020,20,1,2020-05-10,FL,377,338,417,352,-25,3.5,2020-05-16,Respiratory diseases
2020,20,1,2020-05-10,GA,161,136,187,169,8,3.5,2020-05-16,Respiratory diseases
2020,20,1,2020-05-10,MI,186,159,216,150,-36,3.5,2020-05-16,Respiratory diseases
2020,20,1,2020-05-10,NJ,124,102,147,140,16,3.5,2020-05-16,Respiratory diseases
2020,20,1,2020-05-10,US,5166,5024,5314,4754,-412,3.5,2020-05-16,Respiratory diseases
2020,21,1,2020-05-17,FL,373,334,412,326,-47,3.5,2020-05-23,Respiratory diseases
2020,21,1,2020-05-17,GA,157,133,184,163,6,3.5,2020-05-23,Respiratory diseases
2020,21,1,2020-05-17,MI,182,155,211,134,-48,3.5,2020-05-23,Respiratory diseases
2020,21,1,2020-05-17,NJ,123,101,146,122,-1,3.5,2020-05-23,Respiratory diseases
2020,21,1,2020-05-17,US,5077,4934,5220,4526,-551,3.5,2020-05-23,Respiratory diseases
2020,22,1,2020-05-24,FL,367,329.975,408,299,-68,3.5,2020-05-30,Respiratory diseases
2020,22,1,2020-05-24,GA,154,130,180,176,22,3.5,2020-05-30,Respiratory diseases
2020,22,1,2020-05-24,MI,178,152,205,148,-30,3.5,2020-05-30,Respiratory diseases
2020,22,1,2020-05-24,NJ,122,101,145,138,16,3.5,2020-05-30,Respiratory diseases
2020,22,1,2020-05-24,US,4987,4844,5126,4476,-511,3.5,2020-05-30,Respiratory diseases
2020,23,1,2020-05-31,FL,363,325,403,319,-44,3.5,2020-06-06,Respiratory diseases
2020,23,1,2020-05-31,GA,151,127,177,156,5,3.5,2020-06-06,Respiratory diseases
2020,23,1,2020-05-31,MI,174,148,201,138,-36,3.5,2020-06-06,Respiratory diseases
2020,23,1,2020-05-31,NJ,121,100,144,110,-11,3.5,2020-06-06,Respiratory diseases
2020,23,1,2020-05-31,US,4891.5,4750.9749999999995,5034,4348,-543.5,3.5,2020-06-06,Respiratory diseases
2020,24,1,2020-06-07,FL,358,321,398,314,-44,3.5,2020-06-13,Respiratory diseases
2020,24,1,2020-06-07,GA,148,125,173,162,14,3.5,2020-06-13,Respiratory diseases
2020,24,1,2020-06-07,MI,170,145,197,121,-49,3.5,2020-06-13,Respiratory diseases
2020,24,1,2020-06-07,NJ,120,99,143,104,-16,3.5,2020-06-13,Respiratory diseases
2020,24,1,2020-06-07,US,4800,4659,4937,4232,-568,3.5,2020-06-13,Respiratory diseases
2020,25,1,2020-06-14,FL,353,316,392,330,-23,3.5,2020-06-20,Respiratory diseases
2020,25,1,2020-06-14,GA,146,122,171,156,10,3.5,2020-06-20,Respiratory diseases
2020,25,1,2020-06-14,MI,167,141,193,142,-25,3.5,2020-06-20,Respiratory diseases
2020,25,1,2020-06-14,NJ,120,98,142,110,-10,3.5,2020-06-20,Respiratory diseases
2020,25,1,2020-06-14,US,4709,4575,4850,4403,-306,3.5,2020-06-20,Respiratory diseases
2020,26,1,2020-06-21,FL,348,311,386,326,-22,3.5,2020-06-27,Respiratory diseases
2020,26,1,2020-06-21,GA,144,120,169,168,24,3.5,2020-06-27,Respiratory diseases
2020,26,1,2020-06-21,MI,164,138,190,153,-11,3.5,2020-06-27,Respiratory diseases
2020,26,1,2020-06-21,NJ,118,97,141,118,0,3.5,2020-06-27,Respiratory diseases
2020,26,1,2020-06-21,US,4626,4489,4762,4318,-308,3.5,2020-06-27,Respiratory diseases
2020,27,1,2020-06-28,FL,344,307,381.02499999999964,334,-10,3.5,2020-07-04,Respiratory diseases
2020,27,1,2020-06-28,GA,143,120,167,128,-15,3.5,2020-07-04,Respiratory diseases
2020,27,1,2020-06-28,MI,161,136,187,138,-23,3.5,2020-07-04,Respiratory diseases
2020,27,1,2020-06-28,NJ,117,96,139,119,2,3.5,2020-07-04,Respiratory diseases
2020,27,1,2020-06-28,US,4550,4416,4686.025,4326,-224,3.5,2020-07-04,Respiratory diseases
2020,28,1,2020-07-05,FL,339,303,376,365,26,3.5,2020-07-11,Respiratory diseases
2020,28,1,2020-07-05,GA,142,119,167,161,19,3.5,2020-07-11,Respiratory diseases
2020,28,1,2020-07-05,MI,159,134,185,120,-39,3.5,2020-07-11,Respiratory diseases
2020,28,1,2020-07-05,NJ,82,65,102,83,1,2.5,2020-07-11,Respiratory diseases
2020,28,1,2020-07-05,US,4485,4353,4621,4291,-194,3.5,2020-07-11,Respiratory diseases
2020,29,1,2020-07-12,FL,334,299,372,358,24,3.5,2020-07-18,Respiratory diseases
2020,29,1,2020-07-12,GA,142,120,166,149,7,3.5,2020-07-18,Respiratory diseases
2020,29,1,2020-07-12,MI,157,132,183,148,-9,3.5,2020-07-18,Respiratory diseases
2020,29,1,2020-07-12,NJ,115,94,137,92,-23,3.5,2020-07-18,Respiratory diseases
2020,29,1,2020-07-12,US,4438,4306,4573.025,4262,-176,3.5,2020-07-18,Respiratory diseases
2020,30,1,2020-07-19,FL,331,296,368,338,7,3.5,2020-07-25,Respiratory diseases
2020,30,1,2020-07-19,GA,143,119,167,148,5,3.5,2020-07-25,Respiratory diseases
2020,30,1,2020-07-19,MI,156,132,182,140,-16,3.5,2020-07-25,Respiratory diseases
2020,30,1,2020-07-19,NJ,113,93,136,89,-24,3.5,2020-07-25,Respiratory diseases
2020,30,1,2020-07-19,US,4404,4270,4539,4116,-288,3.5,2020-07-25,Respiratory diseases
2020,31,1,2020-07-26,FL,328,292,366,348,20,3.5,2020-08-01,Respiratory diseases
2020,31,1,2020-07-26,GA,143,121,168,165,22,3.5,2020-08-01,Respiratory diseases
2020,31,1,2020-07-26,MI,155,131,182,144,-11,3.5,2020-08-01,Respiratory diseases
2020,31,1,2020-07-26,NJ,113,92,135,92,-21,3.5,2020-08-01,Respiratory diseases
2020,31,1,2020-07-26,US,4384,4250,4519,4272,-112,3.5,2020-08-01,Respiratory diseases
2020,32,1,2020-08-02,FL,326,292,364,312,-14,3.5,2020-08-08,Respiratory diseases
2020,32,1,2020-08-02,GA,144,121,169,147,3,3.5,2020-08-08,Respiratory diseases
2020,32,1,2020-08-02,MI,155,131,180,142,-13,3.5,2020-08-08,Respiratory diseases
2020,32,1,2020-08-02,NJ,112,92,135,123,11,3.5,2020-08-08,Respiratory diseases
2020,32,1,2020-08-02,US,4380,4244,4512.025,3983,-397,3.5,2020-08-08,Respiratory diseases
2020,33,1,2020-08-09,FL,325,290,363,298,-27,3.5,2020-08-15,Respiratory diseases
2020,33,1,2020-08-09,GA,145,122,170,132,-13,3.5,2020-08-15,Respiratory diseases
2020,33,1,2020-08-09,MI,155,131,181,147,-8,3.5,2020-08-15,Respiratory diseases
2020,33,1,2020-08-09,NJ,113,92,134,107,-6,3.5,2020-08-15,Respiratory diseases
2020,33,1,2020-08-09,US,4388,4257,4521,3761,-627,3.5,2020-08-15,Respiratory diseases
